link,date_time,original_text,length,geo_hint,engagement_signal,product_hint,stage,primary_breakdown_point,channel,root_cause,emotion,emotion_severity,summary_insight,actionability_score_5,fixability_score_5,evidence_strength
https://www.youtube.com/watch?v=9CPpIfbF_SQ&lc=Ugw0BiMX3ye0TVNHjcl4AaABAg,2022-06-01 05:30:00,"Bhai mere pas insurance policy icici Lombard se 8 Feb ko email per mil gai thi or 11 Feb ko mera physical RTO form per sign hua and 16 Feb ko mujhe scooter mil gaya, ye jarury nahi ki vaahan OTP aae kyoki mujhe vaahan ka koi bhi OTP nahi aaya tha or Mera permanent number scooter me laga ke hi diya gaya h.",306,unknown,1,unknown,Onboarding & Policy Understanding,Servicing & Policy Admin,Digital / App / Website,Unknown,Resignation,Low,"Event: Received insurance policy via email on Feb 8th. Process: Physical RTO form signed on Feb 11th, scooter received on Feb 16th. Outcome: Scooter was registered with a permanent number without requiring an OTP, indicating a smooth onboarding process.",2,3,Medium
https://www.youtube.com/watch?v=3OEqeJdlw-o&lc=UgyVstcIh0AOqWG8fGx4AaABAg,2022-06-01 05:30:00,"Very bad 😠😡😡 ICICI Lombard Health insurance policy service very bed 😠😠😡 hdfc and star is good

Don't buy any policy from icici

I have admit on fever at hospital  but clime not pass icici tell me fever not cover in policy

So guess don't buy any policy icici

No any ans help desk call hold last 1h for check Details

HDFC, star health is good",353,unknown,1,health,Claims Experience,Servicing & Policy Admin,Claims / TPA,Misrepresentation / Incomplete Explanation,Anger,High,"Event: Admitted to hospital for fever. Process: Filed a claim with ICICI Lombard Health insurance. Outcome: Claim was rejected, with ICICI Lombard stating that fever is not covered in the policy. The user also experienced long hold times with the help desk.",2,2,Medium
https://www.youtube.com/watch?v=cux55RRdjEE&lc=UgxXLudVFo3faXmNML54AaABAg,2025-05-31 05:30:00,"Hello bhaiya 
Mere pass classic 350 stealth dark black jo ki 6month old main vapi-mumbai(approx 200km) jaa rha tha but bich me hi kharab raste ki wajah se rear allow wheel minor sa bend ho gya aur waha pe tyre me thoda sa phat gya hai but main jab icici Lombard insurance walo ke pass gya to wo bole ki insurance claim karoge bhi to  no cliam ho jayega ab kya kare phir bhaiya please reply karna❤",396,vapi-mumbai,0,unknown,Claims Experience,Servicing & Policy Admin,Agent / Advisor,Misrepresentation / Incomplete Explanation,Resignation,Medium,"Event: Minor bend in rear alloy wheel and tear in tire of a 6-month-old scooter due to bad roads while traveling. Process: Approached ICICI Lombard insurance for a claim. Outcome: ICICI Lombard stated that the claim would be rejected ('no claim'), implying the damage is not covered or will not be honored.",2,2,Medium
https://www.youtube.com/watch?v=9W1B6-yKP_Q&lc=UgwUmM9OWU3hL2eNjZJ4AaABAg,2026-04-01 05:30:00,"Mere car accident hogyii zero defet insurance hai phir bhi ye log bol 20% settlement karo 
Mane reason phucha to bat ko gumma riha hai 3 mnth se mere car workshop me hai koi approval nhi dey rahe or Mera 1st claim hai 

Mere jase or bhi hai jo ye problem face kar rahe hai icici lambard chor hai",295,unknown,0,car,Claims Experience,Claims Processing,Claims / TPA,Process / Documentation Friction,Anger,High,"Event: Car accident. Process: Filed a zero-depreciation insurance claim with ICICI Lombard. Outcome: Claim is being delayed for 3 months with a demand for 20% settlement, and the car is stuck at the workshop without approval.",4,3,Medium
https://www.youtube.com/watch?v=3ORQpKSJrJw&lc=Ugy7sLMqA7yqebEf53x4AaABAg,2025-06-01 05:30:00,"सर मैने 14 जुलाई 2023 को आईसीआईसीआई lombard की हेल्थ इंश्योरेंस पॉलिसी ली थी और 3 साल का प्रीमियम दे दिया जो 2026 तक एक्टिव रहेगी उस समय मुझे शुगर की बीमारी dignose नही हुई थी तो क्या मुझे 2 साल का वेटिंग पीरियड लागू होगा या नहीं, और क्या अगर 5 साल का Moratorium time पीरियड निकल गया तो क्या मुझे क्लेम मिलेगा, प्लीज सर रिप्लाई जरूर कीजिएगा Thanks..",349,unknown,1,health,Onboarding & Policy Understanding,Policy Understanding,Unknown,Misrepresentation / Incomplete Explanation,Confusion,Medium,"Event: Purchased ICICI Lombard health insurance policy on July 14, 2023, with a 3-year premium. Outcome: Seeking clarification on whether the 2-year waiting period for a pre-diagnosed sugar condition applies, and if a claim will be admissible after the 5-year moratorium period.",4,4,Medium
https://www.youtube.com/watch?v=vtVLc0D2M3I&lc=UgyuGT0Tb58o8tXUYYp4AaABAg,2025-06-01 05:30:00,"""🚨🚨🚨🚨🚨DONT BUY ICICI LOMBARD HEALTH INSURANCE ""📢⚠️🚨 Hi friends, Here i would like to mention about the claim that i requested from ICICI lombard. Brief summary -: we got our policy ported from Niva bupa to ICICI as they guarenteed hassle free claim processing however situation was totally different. 1) Their investigator came at our house who was polite and humble but he snatched documents from my mother,s hand though she was denying. 2) They gave claim rejection reason that no documents were submitted before date 23 juky 2023 however treatment itself got started on 4th may 2024 AND THEY ARE ASKING FOR DOCUMENTS THAT NEVER EXISTED SO HOW CAN WE PROVIDE. 3) situation was that my mother once had knee pain and hand numbmess for which she got treated from PGI and it was only 1 week treatment and reason was due to vitamin B deficiency ( already submitted all documents ) 4) Comlany is rejecting claim because  that my mother visited on 4th may 2024 to doctor and when doctor asked did You faced that problem and my mom replied yes might. be 1.5 years back it was first she faced that problem and then again it was normal and now the situation worsened so i came to got checked. 5) Problem was diagnosed on 6th may 2024 by an ultrasound conducted as prescribed by PgI doctors. 6) Now it is very lame to ask documents before that date and they are rejecting claim on that basis which is similarly like you are pregnant for 9 months and they are asking pregnancy reports before 12 months literally shit claims they are providing. ICICI Lombard ICICI Lombard ICICI LOMBARD GENERAL INSURANCE Icici Lombard",1607,unknown,0,health,Claims Experience,Claim Rejection,Claims / TPA,Misrepresentation / Incomplete Explanation,Betrayal,High,"Event: Sought claim processing from ICICI Lombard after porting from Niva Bupa. Process: An investigator allegedly snatched documents, and the claim was rejected citing non-submission of documents before the treatment date (May 4, 2024), despite the treatment starting on that date. Outcome: Claim rejected based on a fabricated reason of missing documents for a past condition that was resolved and then resurfaced.",5,2,Medium
https://www.youtube.com/watch?v=9ySx4bONKi4&lc=UgzsXiJ6qy91b8L4TsR4AaABAg,2023-06-01 05:30:00,Beware while applying ICICI Lombard online. Iapplied insurance and rejected but fought a lot for my refund. Had to email them and threaten them with legal action. Wrote several emails and follow up to receive my refund of 14004 rupees. Beware always keep proof of receipts and keep communication in email so that you can fight these insurance frauds!!,351,unknown,1,unknown,Onboarding & Policy Understanding,Refund Process,Digital / App / Website,Process / Documentation Friction,Anger,Medium,"Event: Applied for ICICI Lombard insurance online. Process: The application was rejected, and the user had to fight extensively via emails and threats of legal action to get a refund of 14004 rupees. Outcome: Refund was eventually received after significant effort.",4,3,Medium
https://www.youtube.com/watch?v=MQ7GYWZbkx0&lc=UgxDtc7wArOOeLTRAhR4AaABAg,2024-06-01 05:30:00,"This is not a regular post that i generally stick to but its important and I think as a law abiding citizen its my responsibility to make people aware about such incidents

@ICICILombard has been a disaster when it comes to professionalism and ethics.

I hope this message finds everyone well. I am writing to express my deep dissatisfaction and frustration with the recent experience I had while trying to file a claim for a minor accident with ICICI Lombard that occurred on September 8th.

On the said date, I and my wife encountered an unfortunate accident near Patny Circle, Secunderabad which was primarily caused by a reckless auto driver. As a result, my vehicle suffered a damaged bumper and a scratch on the left side. In a stressful situation, I managed to handle the aggressiveness of some individuals involved, despite their mistake in the incident.

Given that I had diligently purchased a comprehensive insurance policy that was supposed to cover such unforeseen events, I promptly reached out to the company to initiate the claim process. However, the ordeal that followed has been extremely disappointing and disheartening.

The insurance claim Guvulla Ravindra agent I spoke with exhibited a complete lack of professionalism and empathy. Instead of understanding the situation and assisting me with the claim process, he used derogatory language and accused me of cheating and fraud, as if the insurance company held a monopoly on moral high ground and transparency. This behaviour is entirely unacceptable and unbecoming of a so called reputable insurance company.

Furthermore, the agent seemed to have no knowledge of the details regarding the damages to my vehicle. He immediately produced a vehicle challan, attempting to use it as a pretext to deny my claim. This approach has left me feeling unfairly treated and deceived as a customer who faithfully invested in your insurance services for protection during such adversities.

I wish to share this disheartening experience with all my friends, family, and acquaintances, to raise awareness about the unacceptable treatment I have endured. I urge anyone considering insurance services to exercise caution when dealing with ICICI Lombard company, as the claim settlement ratio alone should not be the sole factor in choosing an insurance provider.

I would also like to highlight that the frequency and persistence of phone calls that we get from their representatives, attempting to pressure and harass us into settling for less than I am rightfully entitled to under my insurance policy, have become completely unbearable

During times of distress and vulnerability, customers expect compassion, understanding, and a seamless claim process from their insurance company. Unfortunately, my experience has been quite the opposite. I sincerely hope that ICICI Lombard company should be actually dealt and I will take this matter as far possible to sort this out.",2934,Secunderabad,0,car,Claims Experience,Claim Rejection,Agent / Advisor,Misrepresentation / Incomplete Explanation,Betrayal,High,"Event: Minor car accident on September 8th. Process: Filed a claim with ICICI Lombard, but the agent allegedly used derogatory language, accused the customer of fraud, and seemed unaware of vehicle damages, attempting to use a challan to deny the claim. Outcome: Claim settlement is being pressured with persistent calls, and the customer feels unfairly treated and deceived.",5,2,Medium
https://www.youtube.com/watch?v=9UOz3q0xG_Q&lc=Ugy7-wZNiDv8_5qKb4d4AaABAg,2024-06-01 05:30:00,"sir Kuch din me car ka insurance khatam hone wala hai aur icici Lombard ke agent aur message me insurance ka price 6777 dikha rha hai !! wahi par phonepe par 4100 show kar rha hai aur show kar rha hai previously selected ! Price me itna difference kyu hai sir !!

Please reply",276,unknown,1,unknown,Servicing & Policy Admin,Pricing Discrepancy,Digital / App / Website,Process / Documentation Friction,Confusion,Medium,Event: Car insurance expiring. Process: Agent and PhonePe show different premium prices for ICICI Lombard (6777 vs 4100). Outcome: Customer is confused about the price difference.,3,3,Medium
https://www.youtube.com/watch?v=9UOz3q0xG_Q&lc=UgxYRNg7OChnGYrtaqZ4AaABAg,2024-06-01 05:30:00,"My car is 3 yrs old, 4 coming.
I was having ICICI Lombard and took a claim of around 20k this year.
Now, for renewal my premium with all add ons is 18500 from ICICI and all other companies.
My question is, is 18500 best price for my vehicle??",242,unknown,2,unknown,Servicing & Policy Admin,Premium Inquiry,Agent / Advisor,Process / Documentation Friction,Confusion,Medium,"Event: Car insurance renewal after a claim of 20k. Process: ICICI Lombard's renewal premium with add-ons is 18500, same as other companies. Outcome: Customer is questioning if 18500 is the best price for their vehicle.",3,3,Medium
https://www.youtube.com/watch?v=GILzovbLD6c&lc=Ugz-qiV_j1GWBZeCslZ4AaABAg.AIp_sYpMtFnAJ33j4J9cjh,2025-07-01 05:30:00,​ @insuranceimpact  bhaiya icici Lombard me try karta hun unhone kaha underwriter decide karenge agar ped lagega to koi dikkat nhi hai mujhe magar co payment ya exclusion karte to me khud policy lene se mana kar sakta hun or vo wo pesa refund kardenge esa bola unhone,267,unknown,0,health,Onboarding & Policy Understanding,Underwriting Decision,Agent / Advisor,Misrepresentation / Incomplete Explanation,Confusion,Medium,"Event: Customer is trying to get a policy from ICICI Lombard. Process: The agent stated that an underwriter will decide if a pre-existing condition (PED) is applicable. Outcome: The customer was told that if PED is applied, they can refuse the policy and get a refund, but they are concerned about co-payment or exclusions.",4,4,Medium
https://www.youtube.com/watch?v=Jwld194ZZJ0&lc=Ugx21TI3VZ-8p9jD41l4AaABAg,2022-06-01 05:30:00,"My Ola S1 Pro was insured (on 06-01-2022) with wrong chassis and engine number and that too at Mumbai RTO instead of Pune. However even after making numerous calls and sending emails to the customer service they were unable to resolve the issue. Finally I had to call ICICI Lombard to sort the issue. I am still not sure whether the engine and chassis number on the registration document, insurance document and the physical vehicle matches or not as the engine number is inside the motor.

Well after that my Ola S1 Pro was finally delivered on 31-01-2022, Just did test drive of around 5 Kms. On 02-02-2022 the whole family was Covid Positive.  100% charged on 08-02-2022 after the quarantine period. On 10-02-2022 evening, it completely went dead when we started it from the parking lot at my residence. It was attended only on 16-02-2022 with numerous calls, emails and SMSs to all the numbers I could get. On 17-02-2022 the RSA came to our residence and took the vehicle with them.
I am still following up on all the numbers that I have including the customer service number and emailing them however there is no response. I was told 3 days back that they have replaced battery pack which was faulty, then another battery pack which was also faulty and now today they are changing the battery pack again. 
On 25-02-2022, the RSA was booked to deliver the vehicle to me however, they returned back half way through saying that there is still some work to be done. They said that one of the brake liver has been broken and that they need to repair/replace that as well.
Today also I called, Ola said they will arrange a call back before 4 pm, however no one called. 
Mr. Atul, as you are based out of Pune can you please cover this story? I am fed up and frustrated by the service and communication from Ola regarding my brand new vehicle.
I have saved all the call recordings and email communication and easily prove all the statements that I have said in the court of law. 
So, far its been a 2 month ordeal for the Ola S1 Pro. I have twitted and used all the social media accounts but so far there has been no resolution to the problem. Hope you cover a negative experience as well from a customer!",2204,"Pune, India",0,unknown,Servicing & Policy Admin,Policy Admin Issue,Digital / App / Website,Process / Documentation Friction,Resignation,High,"Event: Ola S1 Pro delivered with incorrect chassis and engine numbers on insurance documents. Process: Customer made numerous calls and emails to resolve the issue with the insurer, eventually contacting ICICI Lombard. Later, the vehicle became dead, requiring multiple service attempts and replacements for a faulty battery pack, with ongoing issues like a broken brake lever and lack of communication. Outcome: The issue remains unresolved after a two-month ordeal, with continued lack of response and repeated service failures.",3,2,Medium
https://www.youtube.com/watch?v=wK8CzBT5QYk&lc=Ugz3cE4xCWna1fL8UKJ4AaABAg,2020-06-01 05:30:00,I have also bought comprehensive policy(on 25 April with policy no. 3001/198904663/00/000) with all add-ons from icici lombard just because you bought it. Now I have a question : in case of theft or total loss what amount will I get : on road price paid by me or the current on road price of the car as per the RTI of icici lombard,331,unknown,0,unknown,Onboarding & Policy Understanding,Policy Understanding Issue,Unknown,Misrepresentation / Incomplete Explanation,Confusion,Medium,Event: Customer purchased a comprehensive policy from ICICI Lombard based on a recommendation. Process: Customer inquired about the payout amount in case of theft or total loss. Outcome: Customer is seeking clarification on whether the payout will be the initial on-road price paid or the current on-road price.,2,3,Medium
https://www.youtube.com/watch?v=rlUURTRFkfI&lc=UgzH6xhIFrrMmgvSvbB4AaABAg,2023-06-01 05:30:00,"Very bad experience from icici lombard General Insurance.
When i port my car insurance policy from BAJAJ ALLIANZ to ICICI LOMBARD GENERAL INSURANCE 
that time i explained to lombard's Executive that I have taken claim from Bajaj Allianz but Lombard Executive has processed my policy with NCB 20% .
I don't know that what is NCB in car policy ?
Than I paid 6k amount to Icici Lombard according to policy insurer.
Now I am going to take claim. 
Icici Lombard's person has rejected my claim reason is I have taken claim from previous insurer and Icici Lombard's policy has processed with NCB 20%. So claim rejected.

Where is my mistake ? 
I am very disappointed for this incident.
It's biggest racket.

policy किस  बेस  पे  issue की  Lombard ने 
issue करते वक्त इन्हे  previous insurer का claim नही  दिखा 
आज  claim लेने  जा  रहा  हू  तो  इन्हे  previous insurer का  claim दिख  गया",879,unknown,0,car,Servicing & Policy Admin,Claims Experience,Agent / Advisor,Misrepresentation / Incomplete Explanation,Disappointment,High,"Event: Ported car insurance policy from Bajaj Allianz to ICICI Lombard. Process: Explained to ICICI Lombard executive about a previous claim with Bajaj Allianz, but the policy was processed with 20% NCB. Paid Rs 6k. Outcome: Claim rejected by ICICI Lombard because the policy was processed with NCB despite a previous claim. The user is disappointed and calls it a racket.",4,3,Medium
https://www.youtube.com/watch?v=vILphWVXpRA&lc=UgxHgRFJm975cBaoT7B4AaABAg,2023-06-01 05:30:00,Sir mera bike hero ka he iska accicedent hua he aur claim kare to 700 rupiya regitration ka liye he aur bike sahi se bana ke nahi diye hai aur hamare pass ICICI Lombard ka message aye he ki hume yah khusi ho rahi he ki hum ne apke claim ki paisa bhej diya he Rs 3887 rupay ka NEFT ke madhiyam  se transaction I'd bhi aye he aur sir bike sahi bana ke nahi diye he company wale sab rakh liye the 1 party ka claim tha,414,unknown,1,car,Claims Experience,Claims Experience,Claims / TPA,Process / Documentation Friction,Resignation,Medium,"Event: Bike accident. Process: Filed a claim with ICICI Lombard. Paid Rs 700 for registration. Received a message from ICICI Lombard stating Rs 3887 was sent via NEFT. Outcome: The bike was not repaired properly by the company, and they kept all parts. The user is dissatisfied with the repair quality despite receiving the claim amount.",3,2,Medium
https://www.youtube.com/watch?v=F5c4Oz5-pLM&lc=UgzDC4CL-liSCnRJDXx4AaABAg.9IPAqVmIU6s9IPJwQWbcXl,2021-06-01 05:30:00,"Sure bro, as I mentioned earlier I have taken this insurance from icici lombard website. But to get better price i did contact their customer care and asked for discount without reducing IDR value. They offered me Rs. 500 additional discount and send me link for renewal. IDR value for my vehicle is 9L and total premium for bumper to bumper costs me Rs.17273. With is free tracking device. Hope I cleared your doubts. Please feel free to contact me if you need any further details.",482,unknown,1,motor,Servicing & Policy Admin,Unknown,Digital / App / Website,Unknown,Confusion,Medium,"User is asking for help because a pop-up on the ICICI Lombard car insurance website stated that their 'return to invoice' add-on is not applicable during renewal, and they are seeking advice on how to proceed.",3,3,Medium
https://www.youtube.com/watch?v=dHlYjJHcOiI&lc=UgyxbHjfIAbW5RuKPK94AaABAg,2025-06-01 05:30:00,"I have been a policyholder with United India Insurance for over 20 years, covering both myself and my wife. We're both over 65, and despite their attractive offers, ICICI Lombard refused to cover us after learning about my wife's past heart palpitations and my cataract surgeries.

They promote coverage for various conditions from day one but ultimately deny policies when health issues are disclosed. Based on my experience, I strongly advise sticking with your current insurer if you already have a policy. ICICI Lombard's promises seem misleading. For more details, feel free to contact me. 

Thank you.",607,unknown,0,motor,Claims Experience,Unknown,Unknown,Process / Documentation Friction,Resignation,High,"The user states that after having insurance with ICICI Lombard for their new vehicle and making a claim after an accident, the insurance company sent an email six months later stating that their claim would not be approved.",2,2,Medium
https://www.youtube.com/watch?v=iQapdnQIxmU&lc=UgzQYDacfwfP61U4PMd4AaABAg,2022-06-01 05:30:00,i had an incident on ICICI Lombard insurance. They have not claimed my insurance for more than 3 months. After contacting them many many times they finally send the amount. Which was deducted. They are scam ICICI,212,unknown,0,unknown,Claims Experience,Claims Processing,Unknown,Process / Documentation Friction,Anger,High,"Event: Insurance policy. Process: Claim not processed for over 3 months, multiple contacts made. Outcome: Amount finally sent and deducted.",3,3,Low
https://www.youtube.com/watch?v=iQapdnQIxmU&lc=UgwykRWYFWk_TEc1TuV4AaABAg.9OJvAkMidwZ9OV_g1sG67x,2022-06-01 05:30:00,"These guys will try to delay the courier and will reach u in 10th day or 12th day then when we raise question after seeing the document, they will say they will check and revert and finally after the 15th day they'll say now we can't cancel this policy.

This is what I experienced in ICICI LOMBARD.",299,unknown,0,unknown,Servicing & Policy Admin,Policy Cancellation,Agent / Advisor,Process / Documentation Friction,Resignation,Medium,"Event: Policy purchase. Process: Delayed courier, document review, request to cancel after 15 days. Outcome: Policy cannot be cancelled.",2,2,Medium
https://www.youtube.com/watch?v=iQapdnQIxmU&lc=UgybihUOPIRGOhCMY2R4AaABAg.9LrkLffdH8B9M4Hd5pGYl8,2021-06-01 05:30:00, @Preach_and_Teach-fe3vl  I do possess a Healrh Insurance policy from ICICI Lombard.  I pay one time premium of Rs 16k per annum. In 2019 I had to get admitted to the hospital for a cardiac investigation and used the policy. They paid all my expenses and the whole affair was almost cashless. But this scam is alarming from ICICI.,330,unknown,17,health,Claims Experience,Claims Processing,Unknown,unknown,Anger,Medium,"Event: Hospitalization for cardiac investigation in 2019. Process: Used health insurance policy. Outcome: All expenses paid, cashless affair.",1,1,Medium
https://www.youtube.com/watch?v=iQapdnQIxmU&lc=UgylLe_lMIq0SnvP6sZ4AaABAg,2021-06-01 05:30:00,Even I have harassment from ICICI Bank Lombard health insurance policy which they misguided me and activated two policies on my name forced me to pay form my credit card which I am not a aware what exactly it is I was ready to pay one policy but there forced to pay my both policy which are same which I was refused to pay both finally it got settled with lots of phone calls to customer care and lots of email I have worst experience with icici bank in my life,461,unknown,0,health,Onboarding & Policy Understanding,Policy Activation,Bank / Bancassurance,Misrepresentation / Incomplete Explanation,Anger,High,"Event: Misguided activation of two health insurance policies. Process: Forced payment from credit card for both policies, refusal to pay for both, multiple calls to customer care and emails. Outcome: Settled after significant effort.",3,3,Medium
https://www.youtube.com/watch?v=zD_uVGQmdHM&lc=UgwZPlua4CjJYZBNnOx4AaABAg,2026-03-01 05:30:00,Icici Lombard mat lena 1 saal maine xuv700 ke liye liya magr 2 case me hi samjh aagya ki ye bahut chutiya banati hai company wale .. aakh mund ke maine showroom wale se samjh kar Tata AIG liya aur  itna pareshani nhi hui jab maine xuv700 ka clame liya koi pareshani nhi hui kabhi call tak nhi kiya kya kab kaise huaa wahi agr ICICI Lombard wale hote to pata nhi kitna bakchodi karta thanks for Tata AIG general insurance company,428,unknown,1,unknown,Claims Experience,Claims Processing,Agent / Advisor,Misrepresentation / Incomplete Explanation,Anger,High,Event: Purchased XUV700 insurance from ICICI Lombard for 1 year. Process: Experienced issues in 2 claims. Outcome: Realized ICICI Lombard is a fraudulent company and switched to Tata AIG for a smoother claim experience.,3,2,Medium
https://www.youtube.com/watch?v=zD_uVGQmdHM&lc=UgxeeGmDRk9mXM-Wzal4AaABAg,2026-03-01 05:30:00,"So it turns out that ICICI Lombard were cheaping their way out to pay the most minimal amount of money for a car that also is more of a liability than an asset, whilst the people at mahindra openly said ""do no repair it"". ICICI Lombard and Mahindra just literally chopped their own foot of with an axe. Paise Bachane ke chakar mai ye ghatiya log kisi aur ki  jaan ko risk mak daalte hai ye log, this is absolutely disgusting. AND above all ye to VENOMS TECH ke saath hua, socho an average consumer ke saath kitna bura hota hoga. Absolutely Vile and Disgusting.",560,unknown,0,unknown,Claims Experience,Claims Settlement,Claims / TPA,Misrepresentation / Incomplete Explanation,Anger,High,"Event: A car was declared a liability by Mahindra, and ICICI Lombard paid a minimal amount for it. Process: ICICI Lombard and Mahindra prioritized saving money over safety. Outcome: The user finds this practice vile and disgusting, especially considering the potential risk to average consumers.",4,3,Medium
https://www.youtube.com/watch?v=zD_uVGQmdHM&lc=UgzsXLixuQ87Mxbh1uJ4AaABAg,2026-03-01 05:30:00,Mahindra's issue is after sales service. All companies are facing the same. I faced similar issues with Creta EV where I wanted to get somethings repaired and serviced and the costing given by the dealer and insurer was way-off from actual costing. The bugger issue here is the way ICICI Lomabard handled the situation. They could gsve handled the situation in a better manner. Mahindra should have also handled thr quakity (not price) of after sales better.,458,unknown,0,unknown,Claims Experience,Claims Processing,Claims / TPA,Process / Documentation Friction,Confusion,Medium,"Event: Faced issues with car repair and servicing costs for a Creta EV. Process: The costing from the dealer and insurer (ICICI Lombard) was significantly different from actual costs. Outcome: ICICI Lombard handled the situation poorly, and Mahindra's after-sales quality was also subpar.",3,2,Medium
https://www.youtube.com/watch?v=zD_uVGQmdHM&lc=Ugw7E-KZ80mtNQKcFQ94AaABAg,2026-03-01 05:30:00,@Venomstech: I recall that long back Acko had declared a Polo as total loss since the repair cost of that flood damaged Polo was around 27 lacs. Hats off to ICICI Lombard & MnM for pulling off this Guinness  world record worthy feat! And hope you’ve got your lesson of promoting ‘Make in India’ with the sticker ‘Proudly made in Bharat’ & would now buy German only.,365,unknown,12,unknown,Claims Experience,Claims Settlement,Claims / TPA,Misrepresentation / Incomplete Explanation,Anger,High,"Event: ICICI Lombard and Mahindra declared a flood-damaged Polo as a total loss, paying a minimal amount, which the user compares to a 'Guinness world record feat'. Process: The user implies this was a cost-saving measure by ICICI Lombard. Outcome: The user expresses sarcasm and suggests the promoter should now buy German cars instead of 'Make in India' ones.",4,3,Medium
https://www.youtube.com/watch?v=zD_uVGQmdHM&lc=Ugx7HRuTN_baPKUaT_54AaABAg,2026-03-01 05:30:00,ICICI Lombard ke mkc they are only selling only insurance not good services. They also have no claim of my car also even i truly declared my true facts and that car is registered on my mother name even they do no claim.. they are thef now not a insurance company,262,unknown,0,motor,Claims Experience,Claims Experience,Claims / TPA,Process / Documentation Friction,Anger,High,"Customer had a major accident, filed a claim with ICICI Lombard, and experienced pathetic service. Redressal was obtained after 5.5 months of pressure tactics, causing further mental distress.",3,2,Medium
https://www.youtube.com/watch?v=zD_uVGQmdHM&lc=UgwsOOmoL4JhqwpXpHZ4AaABAg,2026-03-01 05:30:00,"Bhai tum kitni hi tareef krlo pr mahindra ko yeh sb dekhna bahut jruuri hai.. or icici lombard ke sath personal experience h bhai...


Free mai bhi mt lena icici lombard ka insurance....

@mahindra should provide u a new car..

And brother dont ever put ur video down... fight longer file consumer case, complaint in irdai...",325,unknown,0,motor,Claims Experience,Claims Experience,Claims / TPA,Process / Documentation Friction,Anger,High,Customer had an accident on a 6-lane highway due to a pothole and suffered for 6 months. ICICI Lombard provided motor vehicle insurance which is considered the worst.,3,2,Medium
https://www.youtube.com/watch?v=zD_uVGQmdHM&lc=UgxfKLMBw8l16FLC5aV4AaABAg,2026-03-01 05:30:00,Very informative and constructive criticism. All points made are genuine and I also highly discourage buying ICICI Lombard insurance and 4 wheel EVs. India's infra is definitely not up to the mark for EVs in general.,216,unknown,0,motor,Claims Experience,Claims Experience,Claims / TPA,Process / Documentation Friction,Anger,High,"Customer had a major accident, and ICICI Lombard denied the total loss. The insurance company is at fault, and this is typical behavior.",3,2,Medium
https://www.youtube.com/watch?v=zD_uVGQmdHM&lc=UgxSKtn4E2-nPrhNvwR4AaABAg,2026-03-01 05:30:00,Ek baat to bolunga mai waise tonhar show room pe ye Lombard wale hawsiyonnke tarah apna insurance bechte hai but service genuinely kharab hai mai 3 saal pareshan raha tha  isi wajah se claim raise karenge itta late then thik se settlement bhi nahi denge Mera to bhai worst exp hai baki ...... Dekhlo,299,unknown,0,unknown,Claims Experience,Claims Experience,Agent / Advisor,Process / Documentation Friction,Anger,High,"The user describes a bad experience with ICICI Lombard insurance agents selling policies aggressively, followed by poor service and late claim settlements with inadequate payouts after 3 years of trouble.",2,2,Medium
https://www.youtube.com/watch?v=zD_uVGQmdHM&lc=UgyPJczO8WPA_MgpktZ4AaABAg,2026-03-01 05:30:00,"Sabse pehle to ye, ki I'm so relieved to see you are safe. I get a lot of comments from people who look at the dents and perceive a car to be unsafe. But yahan 5 star rating ka impact dikha.
Anyway, while I am aghast, I can't say I am surprised at all. Mahindra is not a customer friendly brand. I never consider Mahindra cars for this reason alone.
I strongly recommend that you file a case with consumer court against both ICICI Lombard as well as Mahindra.
We have been taking such things for granted, ki bhai India me to yehi hota hai. But Yaar agar tumhare jaisa banda bhi yehi soche to bhai bhai tum apne followers ko kaise 'influence' kar paoge. Wish you all the best bro. Stay safe and keep making the great content you do.",731,unknown,0,unknown,Claims Experience,Claims Experience,Unknown,Process / Documentation Friction,Anger,High,"The user strongly recommends filing a case with the consumer court against both ICICI Lombard and Mahindra due to a negative experience, implying issues with claims processing and vehicle repair outcomes.",3,3,Medium
https://www.youtube.com/watch?v=zD_uVGQmdHM&lc=UgzaQc9VtS8amGTNPB94AaABAg,2026-03-01 05:30:00,"Bhai mere Uncle advocate hai icici Lombard ne unka insurance clame reject kiya tha on the base of Just a DL and they don't even call him after 15days he himself called them then they say your claim has been rejected, phir jo m@@chodi hai icici Lombard wali ki unke dosto ne milke kya hi batau saale office se bhag gaye chodh chodh ke bhai India hai aur ye story prayagraj ki hai aur prayagraj ke highcourt ke wakil se galat panga leliya, at last vho ijjat se gaadi banwa ke ghar tak chodke gaye hai 😂😂",501,"Prayagraj, India",0,unknown,Claims Experience,Claims Rejection,Agent / Advisor,Process / Documentation Friction,Anger,High,"Uncle advocate hai icici Lombard ne unka insurance clame reject kiya tha on the base of Just a DL and they don't even call him after 15days he himself called them then they say your claim has been rejected, phir jo m@@chodi hai icici Lombard wali ki unke dosto ne milke kya hi batau saale office se bhag gaye chodh chodh ke bhai India hai aur ye story prayagraj ki hai aur prayagraj ke highcourt ke wakil se galat panga leliya, at last vho ijjat se gaadi banwa ke ghar tak chodke gaye hai 😂😂",3,2,Medium
https://www.youtube.com/watch?v=zD_uVGQmdHM&lc=Ugy-9h6b7STOl3pcdrV4AaABAg,2026-03-01 05:30:00,"Was planning to get insurance from icici lombard they are giving it at a very low cost compared to others now they have proved that there rates are cheep and their service is cheep too , so I’m going for an another company and venom bhai file a case against Mahindra and icici lombard",284,unknown,0,unknown,Servicing & Policy Admin,Service Quality,Unknown,Misrepresentation / Incomplete Explanation,Regret,Medium,"Was planning to get insurance from icici lombard they are giving it at a very low cost compared to others now they have proved that there rates are cheep and their service is cheep too , so I’m going for an another company and venom bhai file a case against Mahindra and icici lombard",3,2,Low
https://www.youtube.com/watch?v=zD_uVGQmdHM&lc=UgwClvQL8QvetYk8ur94AaABAg,2026-03-01 05:30:00,"ICICI Lombard is the worst company for insurance. My 5L bike's claim was settled in 3 months, and the bike was kept at the workshop for 3 months. The company's agents gave me a 5k claim. The bike had damage till the tank area, and there was still a major dent. After fighting them for 3 months, I got a claim for around 50k, and the bike's silencer and other parts are still damaged and installed...incident of Dehradun and claimed registered in Noida",451,"Dehradun, India",1,unknown,Claims Experience,Claim Settlement,Claims / TPA,Process / Documentation Friction,Anger,High,"ICICI Lombard is the worst company for insurance. My 5L bike's claim was settled in 3 months, and the bike was kept at the workshop for 3 months. The company's agents gave me a 5k claim. The bike had damage till the tank area, and there was still a major dent. After fighting them for 3 months, I got a claim for around 50k, and the bike's silencer and other parts are still damaged and installed...incident of Dehradun and claimed registered in Noida",3,2,Medium
https://www.youtube.com/watch?v=zD_uVGQmdHM&lc=UgxxH2mV_0aNQB7m2qJ4AaABAg,2026-03-01 05:30:00,"Icici Lombard is the worst insurance company.. my 8 months car was stolen 12 years back and the insurance company literally harassed me at the time of approving the claim. Statements like ""aap log car le lete ho per maintain karni nahi aati"" - I had to take a lot of help from my contacts in icici.. just imagine how bad middle class suffers",341,unknown,0,car,Claims Experience,Claims Processing,Claims / TPA,Process / Documentation Friction,Anger,Medium,Event: Car stolen 12 years back. Process: ICICI Lombard harassed the customer during claim approval. Outcome: Customer had to use contacts for claim approval.,2,1,Low
https://www.youtube.com/watch?v=zD_uVGQmdHM&lc=UgxmaUDb68z-R6dtM-J4AaABAg,2026-03-01 05:30:00,"This issue is not related to EV, petrol, or diesel vehicles. I experienced a similar situation in 2024 with the same insurer, ICICI Lombard. Although the vehicle brand was different, it was an Indian manufacturer. Unfortunately, the entire process reflected systemic inefficiencies, with assurances given that were not honored in practice. As a car enthusiast, this experience is particularly hard and painful in India, where such situations leave consumers feeling powerless. Those who have gone through similar experiences will understand this reality.",554,India,0,car,Claims Experience,Claims Processing,Unknown,Process / Documentation Friction,Resignation,Medium,Event: Vehicle damage in 2024. Process: ICICI Lombard provided assurances that were not honored. Outcome: Customer felt powerless due to systemic inefficiencies.,2,2,Medium
https://www.youtube.com/watch?v=zD_uVGQmdHM&lc=Ugwuoz6dOtcjrzQ0Zpd4AaABAg,2026-03-01 05:30:00,"Bro Honda ka bhi yahi haal ha two wheeler ma.
My Bike is damage from the front. But they change the back suspension and add old used suspension. when i complaint then they change. May be they stolen some inner part of my bike . There should be strict rule for this types of activity. and insurance comany is icici loambard the same . The bike sp125 is good but the service and reapair work is shit.",398,unknown,1,two wheeler,Claims Experience,Claims Processing,Claims / TPA,Misrepresentation / Incomplete Explanation,Anger,High,"Event: Bike damaged from front. Process: ICICI Lombard changed the back suspension and added used suspension, then changed it after complaint. Outcome: Suspicion of stolen parts and poor repair work.",2,2,Medium
https://www.youtube.com/watch?v=zD_uVGQmdHM&lc=UgztSM2mWILpsPx_dxx4AaABAg,2026-03-01 05:30:00,Bro I also had a bad experience with ICICI Lombard in 2022 i got my ola s1 pro and 1 week later I had an accident in which my ola was damaged very badly from front with front suspension damaged. I live in dehradun and my ola was taken to chandigarh for repair where the claim surveyor from icici Lombard rejected the claim  without any reason and  the quote from company was of about 56000 but the insurance company just gave up and finally I had to pay for it myself. I suggest everybody reading this comment to not opt icici Lombard as your vehicle insurance.,561,unknown,0,car,Claims Experience,Claims Processing,Claims / TPA,Process / Documentation Friction,Anger,High,"Event: Accident with Ola S1 Pro resulting in significant damage. Process: ICICI Lombard claim surveyor rejected the claim without reason, despite a company quote of 56000. Outcome: Customer had to pay for repairs themselves.",2,2,Medium
https://www.youtube.com/watch?v=zD_uVGQmdHM&lc=UgwitwT9m6Ygia8F1gp4AaABAg,2026-03-01 05:30:00,"Icici Lombard is the worst thing your money can buy 

1. I claimed windshield of my fortuner they said it got depriciated and cut 5000 from cost of repair
2. I claimed rear bumper and tail light Company said your bumper had scratches other side of the impact and we will not pay for painting they cut 7000 for paint

Then why they ask for premium in full I have paid 2.5L in 2 years now this year I have changed company to New India General Insurance",450,unknown,0,car,Claims Experience,Claims Processing,Claims / TPA,Process / Documentation Friction,Anger,Medium,Event: Claimed windshield and rear bumper/tail light for a Fortuner. Process: ICICI Lombard deducted depreciation from windshield claim and refused to pay for painting on the bumper due to unrelated scratches. Outcome: Customer paid significant amounts for repairs despite having paid full premium.,2,2,Medium
https://www.youtube.com/watch?v=zD_uVGQmdHM&lc=UgzX7_6wztAVHtfWI9h4AaABAg,2026-03-01 05:30:00,"Firstly glad you're safe venom bhai and this not only mahindra.. maruti suzuki, hyundai, tata all these companies do this. Infact maruti suzuki did the same with me and the insurance was from ICICI Lombard only and they said the same that insurer is forcing us to repair the car and not allowing RTI tho. Mine was total loss case as well. Mahindra's service yes is questionable but it's same on insure company specifically icici Lombard that denied the total loss and RTI and forced the company to repair the car when it was pretty clear that car is completely dead. Same happened with you too bro. But glad you're safe. I suggest Go with legal options.",653,unknown,0,unknown,Claims Experience,Claims Experience,Claims / TPA,Misrepresentation / Incomplete Explanation,Anger,High,"Event: Car was a total loss. Process: ICICI Lombard denied the total loss claim and forced the car company (Mahindra) to repair it. Outcome: The user experienced a situation similar to the video creator, suggesting ICICI Lombard's denial of total loss and forcing repair was incorrect.",3,2,Medium
https://www.youtube.com/watch?v=zD_uVGQmdHM&lc=Ugw8yqBfjqD5LbSK3UB4AaABAg,2026-03-01 05:30:00,"Bahut hi bekar feeling hoti jis cheez ki emi de rahe ho jo cheez barbaad ho chuki ho..... EV car is the most complicated car on the planet so much wire that can only be handled in the factory only..not in these service centre..they are not professionally trained to handle EV....
Thats y petrol and deisel cars are the best...
I guess best service and economical  car service are of hyundai...maruti....kia... ... ...
I guess mahindra sees your video and replace with a new car....
And ALSO CLEARY MENTION TO DONT TAKE ICICI LOMBARD CAR  INSURANCE ...PATHETIC INSURANCE.....
BHAI BEST OF LUCK .... ICICI OR MAHINDRA APRROACHES YOU TO SOLVE THIS..OTHERWISE YEH VIDEO ITNA VIRAL HO KI ISSE DUSRI COMPANY KI CAR LE LO 😅",716,unknown,0,unknown,Claims Experience,Claims Experience,Agent / Advisor,Misrepresentation / Incomplete Explanation,Resignation,High,"Event: User's car was damaged. Process: User explicitly advises against taking ICICI Lombard car insurance, calling it 'pathetic'. Outcome: User implies a negative experience with ICICI Lombard's claims handling or policy, leading to this strong recommendation.",4,3,Medium
https://www.youtube.com/watch?v=zD_uVGQmdHM&lc=UgywWF7evEVAy3fx3vh4AaABAg,2026-03-01 05:30:00,"Bro, thanks for making this video. You exposed Mahindra’s after-sales service and ICICI Lombard, so both companies will probably try to get the video deleted. Thank God I was about to book the Mahindra BE6—I canceled the booking and changed my mind.",249,unknown,0,unknown,Claims Experience,Claims Experience,Unknown,Misrepresentation / Incomplete Explanation,Betrayal,High,Event: User was about to book a Mahindra BE6. Process: User saw a video exposing Mahindra's after-sales service and ICICI Lombard. Outcome: User canceled the booking for the Mahindra BE6 due to the negative exposure of both companies.,4,3,Medium
https://www.youtube.com/watch?v=zD_uVGQmdHM&lc=UgzxDFa2g5VTvXmTk1F4AaABAg,2026-03-01 05:30:00,Bhai exactly why I hate Indian brands. Mahindra fir bhi improvement dikhari thi kaafi had tak internal combustion mein. Tata ke to engine hi nhi chalte. But still aisi cheeze pull karte hai ye. And ik aapke paas Alcazar thi maybe still hai. So you would know how good Hyundai is in after sales and everything. Build quality aadmi chaatega bhai jab gaadi hi chalne layak na ho. It was very clearly a total loss. My dad handles Chandigarh/Mohali ke losses. Yes he works in Icici Lombard. Even he agreed after watching this video. I asked him why does this happen. Basically Lombard is dogshit. He is jumping ahip as well. Morally sound bande nhi kaam kar sakte aisi companies mein he says.,687,Chandigarh/Mohali,0,unknown,Claims Experience,Claims Experience,Unknown,Misrepresentation / Incomplete Explanation,Anger,High,"Event: User's father, who works in ICICI Lombard, watched a video about a car being a total loss. Process: User's father, despite working for ICICI Lombard, agreed the car was a total loss and stated 'Lombard is dogshit', implying the company's handling was poor. Outcome: User's father is considering leaving ICICI Lombard due to the company's practices.",4,2,Medium
https://www.youtube.com/watch?v=zD_uVGQmdHM&lc=UgzDn315jJn_AW6JS054AaABAg,2026-03-01 05:30:00,"Very bad service from ICICI Lombard , if you are me taking money then you should pay the service , Mahindra please take this serious and discard these kind of insurance providers. Also totally agree on Mahindra service issues there are lots of training issues in Mahindra workshop",280,unknown,0,unknown,Claims Experience,Claims Experience,Unknown,Misrepresentation / Incomplete Explanation,Anger,High,"Event: User experienced bad service from ICICI Lombard. Process: User states that if ICICI Lombard takes money, they should pay for service, and urges Mahindra to discard such providers. Outcome: User experienced bad service from ICICI Lombard and agrees with Mahindra's service issues.",4,3,Medium
https://www.youtube.com/watch?v=zD_uVGQmdHM&lc=UgwBGnsXbF4AVLytbYV4AaABAg,2026-03-01 05:30:00,ICICI Lombard is the worst company.bhai tumhara to 29L ki insurance claim tha.... Is tatti company se mera 60000 ka claim pass nhi hua. Jisme mera rear axle bend ho gya tha accident me.... Ye samajh lo k zindgi me kabhi icici ka koi product nhi purchase Krna. Maine sari family ko mna kr dia. Tuchiya company hai ye ICICI Lombard... Company employees or owners sab ko baddua lagegi .sab sard sard k marenge,406,unknown,0,unknown,Claims Experience,Claims Experience,Unknown,Misrepresentation / Incomplete Explanation,Anger,High,Event: Car accident where rear axle bent. Process: Filed a claim for 60000 INR with ICICI Lombard. Outcome: Claim was rejected.,2,1,Medium
https://www.youtube.com/watch?v=zD_uVGQmdHM&lc=UgxoZPRkBn5Yw9qKrHp4AaABAg,2026-03-01 05:30:00,ICICI Lombard is a total Scam. They denied us our rightful claim which was Total Loss and forced us to get our car repaired despite Honda Workshop giving the estimation which was above the 75% of the IDV.,204,unknown,0,unknown,Claims Experience,Claims Experience,Unknown,Misrepresentation / Incomplete Explanation,Betrayal,High,"Event: Car declared Total Loss. Process: ICICI Lombard denied the rightful claim and forced car repair despite workshop estimation exceeding 75% of IDV. Outcome: Claim denied, forced repair.",2,1,Medium
https://www.youtube.com/watch?v=zD_uVGQmdHM&lc=Ugw1ZL3HJ4PhvP0dRCF4AaABAg,2026-03-01 05:30:00,"Ye ICICI Lombard wale bade mc hai.

Mera OLA S1 PRO leneke 4 month ke andar andar rats ne wire kat diye the Invoice aya 36k ka Insurance ne bara sirf 6k.

Kafe bada jatka laga.
Premiums bhi zyada hai lombard ke koi faida nahi inka. Dusre insurance itna zyada gand na mar saktha.",278,unknown,0,unknown,Claims Experience,Claims Experience,Unknown,Misrepresentation / Incomplete Explanation,Anger,High,Event: OLA S1 PRO electric scooter wires were cut by rats within 4 months of purchase. Process: Filed an insurance claim with ICICI Lombard for 36k INR. Outcome: Insurance only covered 6k INR.,2,1,Medium
https://www.youtube.com/watch?v=zD_uVGQmdHM&lc=Ugw9ipvSl7DR5v0xUaV4AaABAg,2026-03-01 05:30:00,ICICI Lombard insurance is worst they dont give any insurance benefits they only charge money in my case I have tried so many attempts to claim insurance but they declined coz I bought insurance from online website and some amount ws left after giving the amount they still declined and there reason was ki apace first time mein kyu nhi karvaya . they declined my insurance application the surveyor now ask and upon telling the reason they like phele khud se sahi krvao fir ab hum karenge next mein next time ke accident ke liye betha rahunga no benefits from insurance icici Lombard worst experience never buy this policy !!!,626,unknown,0,unknown,Claims Experience,Claims Experience,Digital / App / Website,Misrepresentation / Incomplete Explanation,Resignation,High,"Event: Purchased insurance from an online website. Process: Attempted to claim insurance multiple times, but ICICI Lombard declined, stating the reason that it was not claimed the first time. Surveyor asked for a reason and upon telling the reason, they said to get it fixed first and then they would process the claim for a future accident. Outcome: Insurance claim declined.",2,1,Medium
https://www.youtube.com/watch?v=zD_uVGQmdHM&lc=UgwpdQE0pOcSpt8AjpJ4AaABAg,2026-03-01 05:30:00,"Your first mistake is taking car insurance from ICICI Thief’s. They are the worst. I have burnt my fingers twice. Now if I get any endorsement calls from those looting scammers I tell them, I will die but never spend a penny. I have literally sent similar mails to their country head and ombudsman, no help.
1. Never buy insurance from Dealership while buying new car.
2. Never touch any insurance products from ICICI, I Cheat In Claims Indefinitely, Lombard Of Massive Bullshit And Regular Denials",498,unknown,0,unknown,Claims Experience,Claims Experience,Agent / Advisor,Misrepresentation / Incomplete Explanation,Anger,High,"Event: Purchased a new car. Process: Bought insurance from ICICI Lombard via dealership. Experienced issues twice. Outcome: Claims were denied, leading to significant financial loss and regret.",2,1,Medium
https://www.youtube.com/watch?v=zD_uVGQmdHM&lc=UgwWevjuNghbc1rOdot4AaABAg,2026-03-01 05:30:00,"ICICI Lombard is the worst Insurance company, they tie up with many showroom and force their policy via these guys. When I bought my BIKE in 2021 they tried to do the same with me, I sent email to CCI and after that I was able to buy UIIC insurance and have been very happy. Never go for private insurers always got for PSU Insurers they are very good",351,unknown,0,unknown,Onboarding & Policy Understanding,Servicing & Policy Admin,Agent / Advisor,Sales Pressure or Coercion,Anger,Medium,Event: Purchased a bike in 2021. Process: ICICI Lombard tried to force their policy via the showroom. Outcome: Customer complained to CCI and was able to buy UIIC insurance and has been happy since.,3,2,Medium
https://www.youtube.com/watch?v=zD_uVGQmdHM&lc=Ugx4JiqIEnIzfmhIvV54AaABAg,2026-03-01 05:30:00,"ICICI Lombard se insurance mat lena mere saath bhi aisa hua haii... Mera sp125 RTI liya tha per ek accident ke bad unhone qutation nahi diya hai , service centre waalo ne qutation diya unhone kaha ham dekh lenge bad me aplok kam karo... Mera bill aya tha 32k per jab main delivery lene jata hun mere se 7k liya hain...main toh pura pagal ho gaya sunke... Main jo jo kar sakta tha karli per kuch nahi hua... 


# ICICI Lombard se insurance mat lena.",448,unknown,0,unknown,Claims Experience,Claims Experience,Claims / TPA,Process / Documentation Friction,Anger,High,"Customer purchased an SP125 RTI, had an accident, and ICICI Lombard did not provide a quotation. The service center provided a quotation and asked the customer to pay 7k out of a 32k bill for delivery, which the customer found unacceptable. Despite efforts, the issue was not resolved.",3,2,Medium
https://www.youtube.com/watch?v=zD_uVGQmdHM&lc=Ugz5c9ZoiLYJfu28CSV4AaABAg,2026-03-01 05:30:00,"Bhai this icici lombard is the major culprit our scorpio n windshield got cracked few months ago and in Jan got hit on fender and door side, and they denied the windshield repair coverage stating as ""old damage"" and gave wrong evaluation of replacing the door and fender. Absolutely trashy service",297,unknown,2,unknown,Claims Experience,Claims Experience,Claims / TPA,Misrepresentation / Incomplete Explanation,Anger,High,ICICI Lombard denied windshield repair coverage stating it was 'old damage' and provided an incorrect evaluation for replacing the fender and door after the customer's Scorpio had its windshield cracked and was hit on the fender and door. The customer describes the service as 'trashy'.,3,2,Medium
https://www.youtube.com/watch?v=zD_uVGQmdHM&lc=UgwUBNI8bh67UPnBaTx4AaABAg,2026-03-01 05:30:00,"Mujhe insurance nahi mila sunke hi pata lag gaya ki ICICI Lombard company ka isme 100% haath hai. Mere papa ka accident hua hum 15 saal se ICICI Lombard ke customer hai hume claim denial kar diya aur unke apne garage ne car lautane se bhi mana kar diya.
Sirf bonet par dent that btw.
 Humari police me pohonch hai toh ek call lagane par car wapis mili. Ye pura syndicate hai rsa se lekr company approved garage se insurance agent se lekr company tak😂
Humne toh ye bhi bola ki car fix karne ka invoice kitna hoga toh garage aur agent ne bina ghus ke kaam karne se hi inkaar kar diya😂",582,unknown,0,unknown,Claims Experience,Claims Experience,Agent / Advisor,Misrepresentation / Incomplete Explanation,Betrayal,High,"Customer's father, a 15-year ICICI Lombard customer, had an accident. ICICI Lombard denied the claim and their own garage refused to return the car, despite only a dent on the bonnet. After involving police, the car was returned. The customer alleges a syndicate involving RSA, company-approved garages, and insurance agents, noting that the garage and agent refused to work without a bribe.",4,1,Medium
https://www.youtube.com/watch?v=ai7IZ_Z0qU8&lc=UgwuFavLI8GnK3qTi4t4AaABAg,2021-06-01 05:30:00,"RECENTLY icici Lombard HAS STARTED HEALTH CARE POLICY WHERE---- ON First diagnosis report of disease , you can collect full amount from there branch showing the copy of the report. how you evaluate this??? please please",219,unknown,0,health,Onboarding & Policy Understanding,Unknown,Branch / Customer Service,Misrepresentation / Incomplete Explanation,Confusion,Medium,Event: ICICI Lombard started a new health care policy. Process: Customer can collect full amount on first diagnosis report by showing the report at the branch. Outcome: Customer is asking for an evaluation of this new policy feature.,2,3,Low
https://www.youtube.com/watch?v=yUzTBykFSr8&lc=UgxxRYv2hnBbDHsR91N4AaABAg,2025-06-01 05:30:00,"I bought a health insurance policy — Care Health Ultimate — from PolicyBazaar. However, after wasting 15 days, Care Health accepted my application but rejected my mom's, offering instead a different plan called Care Freedom, which comes with a 20% co-pay.

I spoke to a PolicyBazaar executive about canceling this plan. They told me they had checked with all companies and felt Care Freedom was the best option, insisting no other insurer would accept my mom’s pre-existing condition.

Later, I contacted ICICI Lombard regarding their Elevate plan. They confirmed they would cover my mom’s pre-existing disease, so I purchased their policy.

But now I’m worried — what if ICICI also ends up wasting another 15 days like before?
I'm feeling stuck. Can anyone guide me on what I should do next?",792,unknown,0,health,Servicing & Policy Admin,Unknown,Agent / Advisor,Misrepresentation / Incomplete Explanation,Confusion,High,"Event: Customer purchased Care Health Ultimate policy, but mom's application was rejected and offered Care Freedom with co-pay. Process: Customer spoke to PolicyBazaar executive who suggested Care Freedom, then contacted ICICI Lombard who confirmed coverage for mom's pre-existing disease and purchased their Elevate plan. Outcome: Customer is worried ICICI Lombard will also waste time like Care Health.",3,2,Medium
https://www.youtube.com/watch?v=RehTn06oRP4&lc=UgyZ0X0b6sqQY89NxOF4AaABAg,2024-06-01 05:30:00,"I have Kia Seltos HTX petrol car, which is 3 years old now, and I claimed 2 times insurance for front bumper damage, so NCB bonus there, Now the policy going to expire, icici lomabord insurance and IDV is 856000, the renewal amount was 38 thousand, Is this price okay?",268,unknown,1,motor,Servicing & Policy Admin,Unknown,Unknown,Process / Documentation Friction,Confusion,Medium,Event: Customer's car policy with ICICI Lombard is expiring after two claims for bumper damage. Process: Customer is asking if the renewal amount of 38 thousand for an IDV of 856000 is okay. Outcome: Customer is seeking validation on the renewal price.,2,3,Medium
https://www.youtube.com/watch?v=G23LfcTwBc4&lc=Ugw7RecUmeKLvvWsQoh4AaABAg,2024-06-01 05:30:00,Bhai Mera accident hua tha may 1 ko mane ola walon se hi crain service ki help li thi us time ye 500 se 600 rs kah rahe the krain service ka ab 2400 ke kareeb bata rahe Hain aur mera insurence zero dep ka tha ICICI Lombard se ye fir bhi 7 to 8% charge kar rahe hain fir mujhe care + Liya  jisase home delivery free ho jaye please help bhai,339,unknown,1,motor,Claims Experience,Unknown,Claims / TPA,Process / Documentation Friction,Anger,High,"Event: Customer had an accident and used crane service. Process: Customer was initially quoted 500-600 rs for crane service, but later charged 2400 rs despite having zero dep insurance with ICICI Lombard, who charged 7-8%. Customer then took Care+ for free home delivery. Outcome: Customer is complaining about unexpected charges and seeking help.",3,2,Medium
https://www.youtube.com/watch?v=1nPQ_KamtWU&lc=Ugw_w2CTIK0_B_PzyUt4AaABAg,2025-11-01 05:30:00,I have connecting flight of indigo from delhi- mumbai- nairobi but due to delhi - mumbai flight delay unable to board mumbai - nairobi flight and had to book immediate emirates flight that cost me 1.80 lakh for 3 family members and i have icici lombard tripsecure+ policy please tell me can i get claim gor this,311,unknown,1,unknown,Claims Experience,Claims Experience,Claims / TPA,Process / Documentation Friction,Confusion,High,"Customer had a connecting flight delay with Indigo, causing them to miss their Mumbai-Nairobi flight. They had to book an Emirates flight costing 1.80 lakh for 3 family members and are asking if they can claim this under their ICICI Lombard TripSecure+ policy.",3,2,Medium
https://www.youtube.com/watch?v=ztFOKLsu8C8&lc=UgxCV1nFDOiJt5t_c-d4AaABAg,2026-04-01 05:30:00,Maine aur mere husband ne 10 saal icici lombard m premium diya without any claim humne ise countinue rakha.par kisi vajah se hum countinue nahi kar paye...hamare 10 saal k paise aise hi khatam ho gaye....dukh hota h itna harden money kamata h ek middle class aur ye log kha jate h ..Aaj kal meri policy renew nahi ho pai aur na Paisa Mila ye rule bahut galat h...bahut galat,374,unknown,0,unknown,Early Regret / Exit Intent,Servicing & Policy Admin,Unknown,Product Design or Complexity,Resignation,High,"Customer and husband paid premiums to ICICI Lombard for 10 years without claims but could not continue. Their 10 years of money are gone, and their policy could not be renewed, nor did they receive any money back. They find this rule very wrong.",2,1,Medium
https://www.youtube.com/watch?v=ztFOKLsu8C8&lc=Ugw94l2DKEXWNRS-C2Z4AaABAg,2026-04-01 05:30:00,"15 सालों से mediclaim प्रीमियम दे रहा हूं, अभी 2/3 महीने पहले ICICI lombard ने मेरी wife का bhatia hosp. से cashless reject कर दिया... wo भी hospital को कहा, मुजे नहीं... वापस कहते है इसका मतलब ये नहीं कि आप reabesment नहीं कर सकते, तो ICICI lombard caseless list में भाटिया hospital का नाम क्यूँ रखा है??? 
ये मजबूरी है जो लेना होता है, पर 4 family policy इस बार renew iCICI से नहीं होंगी sure",394,unknown,0,health,Claims Experience,Claims Experience,Claims / TPA,Process / Documentation Friction,Anger,High,"Customer has been paying mediclaim premiums for 15 years. ICICI Lombard rejected their wife's cashless claim at Bhatia Hospital, stating the rejection was from the hospital, not them. They question why Bhatia Hospital is on the cashless list if cashless is rejected. They state their 4 family policies will not renew with ICICI.",3,2,Medium
https://www.youtube.com/watch?v=QLj-oCs1QSw&lc=Ugwh4gMoIVSFoW8rcx94AaABAg,2024-06-01 05:30:00,Sir jee mani brand new motorcycle Honda shine chena jhapte chore hue hai but icici Lombard ne. Sara total verification ki but one time call aaya ki aapka claim reject kar deya hai 14.923.ko liya tha motorcycle Honda shine aur 20.9.23.ko do ladki jhena jhapti main mujhe behosh kar ki le gaye main police station main bhe bahaut chakkar lagaye but aur bhe bahut jagah dhake khaye hai kuch nahe ho raha aur 32000 ka saman bhe tha,427,unknown,1,motor,Claims Experience,Claim Rejection,Claims / TPA,Process / Documentation Friction,Betrayal,High,Event: Motorcycle stolen. Process: Filed a claim with ICICI Lombard after verification. Outcome: Claim rejected for 14.923 INR.,3,2,Medium
https://www.youtube.com/watch?v=dHNbaJlz_bo&lc=UgwvenO5dnv5XtOOSu94AaABAg,2024-06-01 05:30:00,Bhai Maine new breza Maruti ki purchase ki march 2024 main ur  uska insurance bhi dealer se hi liya  icici Lombard ka.galti se policy main unhonne rto main Rampur u.p. Daal diya jabki car ki trc. Bareilly main hui aur uska bharat registration Beawar Raj. Main karwaya hai ab update karne ko kaha to 9200/-rs extra mangte hain. Customer care par pata chala ki update unhi ke portal se hoga.iska woh galat majboor kar rahe hain.aap please Salah De kya karna chahiye. Jabki sari sthiti unhe pehle hi bata di thi.,509,"Rampur, UP, India",1,motor,Servicing & Policy Admin,Policy Update Issue,Digital / App / Website,Process / Documentation Friction,Anger,Medium,"Event: Purchased a new motorcycle with ICICI Lombard insurance. Process: Dealer incorrectly entered RTO details (Rampur, UP) instead of the correct registration location (Bareilly/Beawar Raj.). User requested an update. Outcome: ICICI Lombard is demanding an extra 9200 INR for the update, stating it must be done through their portal, which the user feels is being forced upon them.",3,2,Medium
https://www.youtube.com/watch?v=dHNbaJlz_bo&lc=UgyY0G4cm_xn0qGLjRx4AaABAg,2024-06-01 05:30:00,"Car Policy icici lombard but Car Model Name Mistake 
Policy Date 29/01/2024
policy canceled Apple 30/01/2024 Policy Premium 7263 But Refand Amount 5810 Canceled Charges 1453 Mistake bay icici lombard Insurance Company",217,unknown,1,unknown,Servicing & Policy Admin,Policy Cancellation,Unknown,Process / Documentation Friction,Resignation,Medium,"Event: Car policy purchased with ICICI Lombard on 29/01/2024. Process: Policy canceled on 30/01/2024 due to a mistake by ICICI Lombard. Outcome: Premium of 7263 was charged, refund amount was 5810, and cancellation charges were 1453.",2,2,Medium
https://www.youtube.com/watch?v=dHNbaJlz_bo&lc=UgwF97KebIVcN5gJgiF4AaABAg,2023-06-01 05:30:00,"Jai hind sir
Sir मेरी न्यू कार की पॉलिसी 23,01,23 को समाप्त हो रही थी मैने सेम कंपनी को छोड़ कर icici Lombard से पॉलिसी ली और उन्हें मुझे स्मार्ट पॉलिसी दी जिसका प्रीमियम 11382 था और मैने on line पे कर दिया , पॉलिसी pdf आ भी गई but उनका स्मार्ट पैक में एक टेलीमैटिक डिवाइस कार में लगाना पड़ता है वह मुझे 14 दिन के बाद मिला और जब वह इंस्टाल किया और उनकी सपोर्ट टीम से बात की के आपका डिवाइस काम नहीं कर रहा है और Tata punch मे जहा आपने बोला वहा लगाया तो fuse box के पास लगाने से कवर ठीक से क्लोज नही होता है ।

ये मेरी शिकायत थी तब उन्हों ने बताया कि आपको हम एक एक नया डिवाइस और extn केबल देंगे और आज मुतलब 13 feb 23 को टिकट raise कर रहे है

जब उनका कोई मेल नहीं कोई टिकट no नहीं तो मैने उनको कॉल किया तो वो बोला की आपके पास डिवाइस है उसको हमारे नजदीक के ऑफिस में जमा करवाए तभी आपको हम नई डिवाइस देंगे , हम यही बात lombard को शिकायत के रूप में बोला और हम ने उसको बोला की मुझे आपकी पॉलिसी नही चाहिए और हमे कैंसल करवाना है तो उन्होंने बोला की पहले आप दूसरी पॉलिसी no हमे मेल करो और उसके बाद ही आपकी पॉलिसी कैंसल और रिफंड करवा सकते है

तो सर में आपसे ये हेल्प चाहता हु की क्या मुझे रिफंड पूरा मिलेगा ? और क्या हमे पहले दूसरी पॉलिसी लेकर देनी चाहिए और क्या में सही कर रहा हु कैंसल कर के pl बताएं",1189,unknown,0,unknown,Servicing & Policy Admin,Policy Cancellation,Digital / App / Website,Misrepresentation / Incomplete Explanation,Confusion,High,"Event: Purchased a 'smart policy' from ICICI Lombard on 23/01/23 with a premium of 11382. Process: Received policy PDF, but the telematics device was delayed by 14 days. The device was not working, and installation caused issues. ICICI Lombard offered a new device and extension cable, but later demanded the old device be submitted first. Outcome: Customer wants to cancel the policy and get a full refund, but ICICI Lombard stated cancellation and refund are only possible after submitting another policy number.",2,2,Medium
https://www.youtube.com/watch?v=pqdqNNpHjZk&lc=Ugw-T8ULeCGyWkgS5KZ4AaABAg,2024-06-01 05:30:00,Nooo bro ICICI Lombard insurance only claims our scooter damage insurance for 1 years only  after then we have to pay high amount of money to them 🙏😔😔😔😔😢😢 and their parts are also very costly we can not pay that much for a small part I will not refer to take ola in high traffic areas due to accident possibility.,313,unknown,1,unknown,Servicing & Policy Admin,Policy Renewal,Unknown,Product Design or Complexity,Resignation,Medium,"Event: Scooter damage insurance with ICICI Lombard for 1 year. Process: After 1 year, the cost for renewal or parts is very high. Outcome: Customer feels the parts are too costly and will not refer ICICI Lombard due to accident possibility and high costs.",2,1,Medium
https://www.youtube.com/watch?v=Cbr9NvbwLkA&lc=UgxXxvc8sALnKrdosCt4AaABAg.9p2xMPxLywe9p3-1o6C7PN,2023-06-01 05:30:00," @insuranceimpact  icici lombard ka insurance hai 
Avi paisa liya nahi hai,
Claim ka sara documentation hone ke baad honda wale bande ne kha agar total 5000 cost laga to apko 10% yani 500 dena hoga.
Maina zero depreciation ke bare me bola usko lekin usne bola 10% sbko dena hi prta hai.",286,unknown,1,unknown,Claims Experience,Claim Settlement,Agent / Advisor,Misrepresentation / Incomplete Explanation,Confusion,Medium,"Event: ICICI Lombard insurance for a scooter. Process: Customer has not paid the premium yet. After documentation for a claim, the Honda representative stated that if the total cost is 5000, the customer has to pay 10% (500). Outcome: Customer mentioned zero depreciation, but was told 10% is always payable.",2,2,Medium
https://www.youtube.com/watch?v=xFrzxRwIKHg&lc=UgysMu7gMRMHC4xp1yl4AaABAg,2025-09-01 05:30:00,"My son is having a congenital heart problem.  Has surgery at the age of 6 years.  Now he is 17 years old.  We are periodically visiting cardiologist. I checked with ICICI Lombard and they refused to issue a policy.  Which health insurance policy provides coverage to him.  Please please  suggest, this will help us.",315,unknown,0,health,Pre-Sale Misrepresentation,Policy Issuance,Unknown,Product Design or Complexity,Resignation,High,"Event: Son has a congenital heart problem and had surgery at 6 years old; now 17 and visits a cardiologist periodically. Process: Checked with ICICI Lombard for a policy. Outcome: ICICI Lombard refused to issue a policy, and the customer is seeking a policy that provides coverage.",1,1,Medium
https://www.youtube.com/watch?v=xFrzxRwIKHg&lc=Ugw2Bb2q1zjfsLtBzIx4AaABAg,2025-06-01 05:30:00,"My Personal review , i took the insurence for my parents

1. Niva Bupa Aspire - Pedha Bokka , velu robotic sergeries ki 1 lakh limit pettaru 
2.ICICI Lombard  Elevate -> on time lo reply undadhu and in time lo treatment andhadhu
3. Manipal Cigna Sarvah - most and high expensive plan (not for middle class)
4. Aditya Birla Active 1 - less network hospitals list
5. HDFC Ergo - > 5lakhs premium chalu affordable ayipothadhi (but network hospital list decrease avthunayi deniko mari)",485,unknown,2,health,Servicing & Policy Admin,Policy Administration,Unknown,Process / Documentation Friction,Resignation,Medium,Event: Purchased insurance for parents. Process: ICICI Lombard Elevate policy had slow replies and delayed treatment. Outcome: Customer expresses dissatisfaction with the response and treatment timeliness.,2,2,Medium
https://www.youtube.com/watch?v=dRkuLkmpYuE&lc=Ugyh7qTWm-KFnqPIeh14AaABAg,2022-06-01 05:30:00,Dear mere experience Icici Lombard sey bahot axha raha hai last year sept me jab mere husband ko delta ho gya tha Aur wo max Saket me admit ho gye t bill lagbhag “lakho me aaya tha jo 2 hours me max Saket New Delhi me mel gya tha I have very good experiences with Icici Lombard,277,"New Delhi, India",0,health,Claims Experience,Claims,Claims / TPA,Unknown,Resignation,Medium,"Husband was admitted to Max Saket, the bill was in lakhs, and the claim was settled within 2 hours at Max Saket New Delhi with ICICI Lombard.",1,1,Medium
https://www.youtube.com/watch?v=dRkuLkmpYuE&lc=UgzdwRwcWQC5Pp_y-kV4AaABAg,2022-06-01 05:30:00,"Hello Varun Bhai ,

You can check insurance policy of ICICI Lombard . They are doing well . My sister got clam very soon when They missed their checkin luggage (Airlines mistake). They got clam amount very soon and also got their luggage at home .",247,unknown,2,unknown,Claims Experience,Claims,Unknown,Unknown,Resignation,Low,Sister got claim very soon when they missed their check-in luggage (Airlines mistake). They got claim amount very soon and also got their luggage at home with ICICI Lombard.,1,1,Low
https://www.youtube.com/watch?v=dRkuLkmpYuE&lc=UgwiH9WNVG5u_hXZZOh4AaABAg,2022-06-01 05:30:00,"Even I had issues with ICICI Lombard, very pathetic experience, finally they didn't provide me any compensation for cancelled/rescheduled flight. I am extremely disappointed. I had a long discussion but they have there illogical base to not compensate.",252,unknown,10,travel,Claims Experience,Claims,Agent / Advisor,Misrepresentation / Incomplete Explanation,Anger,High,"The user had issues with ICICI Lombard, and they did not provide any compensation for a cancelled/rescheduled flight, despite a long discussion, due to their illogical reasoning.",2,2,Medium
https://www.youtube.com/watch?v=9JiB9hjH_ws&lc=UgxwBNFp8miWSqJe6p94AaABAg,2026-01-01 05:30:00,Sir cashless international cover is available in Singapore in ICICI Lombard elevate aur Max please try to make a detailed video of that if it's available how to process because nobody has made the video for that,211,Singapore,0,travel,Onboarding & Policy Understanding,Policy Admin,Digital / App / Website,Product Design or Complexity,Confusion,Medium,"The user is asking for a detailed video on how to process cashless international cover in Singapore with ICICI Lombard Elevate, as no such video is available.",3,3,Low
https://www.youtube.com/watch?v=9JiB9hjH_ws&lc=UgzjFn7jrGMxEDuz0KB4AaABAg,2025-12-01 05:30:00,"ICICI Lombard has finally accepted that they were wrong to insert a clause that may impact the unsuspecting insured. Their intentions were not aimed at customers' benefit. But while revoking the detrimental clause they have taken the refuge under the false justification of customer benefit. Wonder if they think customers are so gullible. In simple words it was unfair to even think of inserting such a clause which they have been compelled to clarify to have been in the better interest of the customers. And the term ""unscrupulous"" used by the communicator to reply to a genuine grievance is to demean the customers and also the intermediatories who raised the issue but bring business for them. This reflects the poor culture of a company of repute and deserves to be called out. You were absolutely right in negotiating with the company for revocation of the detrimental clause. With such ill personnel at the helm, how can an insurer like ICICI Lombard expect their business to grow! 
I am neither a follower of your channel nor an insurance expert. Came across the video and felt anguished after watching it till the end.",1128,unknown,1,unknown,Servicing & Policy Admin,Policy Admin,Agent / Advisor,Misrepresentation / Incomplete Explanation,Betrayal,High,"ICICI Lombard accepted they were wrong to insert a clause that may impact unsuspecting insured, but used false justification of customer benefit while revoking it, and used the term 'unscrupulous' to demean customers and intermediaries.",2,2,Medium
https://www.youtube.com/watch?v=9JiB9hjH_ws&lc=UgzjFn7jrGMxEDuz0KB4AaABAg.AP6exDQT2j1AP6gSIIdSD3,2025-12-01 05:30:00,"Thank you for your thoughtful and detailed comment, Mr Datta. 🙏🏻💛

You’re absolutely right✅ the introduction and wording of the “material change” clause raised a serious concern for good-faith policy-holders.
For the record, I first raised this clause verbally on 10 March, and then in writing on 18 March.💫

While ICICI Lombard has clarified that your premium or coverage will not be altered at renewal simply because you develop a new illness after policy issuance.

That said, the clause itself still creates ambiguity and you’re absolutely justified in questioning the use of the term “unscrupulous” and the broader grievance-handling culture.

Thanks again for sharing your perspective. It adds crucial value to this discussion.🫡",734,unknown,0,health,Servicing & Policy Admin,Policy Clause Ambiguity,Unknown,Misrepresentation / Incomplete Explanation,Confusion,Medium,"Customer raised concern about the 'material change' clause in ICICI Lombard policy, which was verbally raised on March 10 and in writing on March 18. ICICI Lombard clarified premiums/coverage won't change due to new illness post-issuance, but the clause still creates ambiguity and grievance-handling concerns.",2,2,Medium
https://www.youtube.com/watch?v=9JiB9hjH_ws&lc=UgygW8MujoT0T334q7R4AaABAg,2025-12-01 05:30:00,This was just a damage control measure by ICICI Lombard by passing the burdern to someone else. This confusion arouse because of their material change clause that should not have been a part of the initial policy clause in the first place. This was also directly in contradict with the IRDAI guidelines.,303,unknown,1,health,Servicing & Policy Admin,Policy Clause Ambiguity,Unknown,Misrepresentation / Incomplete Explanation,Resignation,Medium,"ICICI Lombard's 'material change' clause caused confusion and was in contradiction with IRDAI guidelines, perceived as a damage control measure.",2,2,Medium
https://www.youtube.com/watch?v=vYHQowmiprM&lc=UgzpviVg0dcDpXgSpA54AaABAg,2024-06-01 05:30:00,"Dont take icici Lombard policy
Because its a No 1 cheating company

I had faced  lot of problems to process my claim

I explain detailed

I took policy from icici in 2018 

On that time i didnt have any pre existing deseases

On the same time i took term insurance policy also 

So they made all health tests to me

After 6 years in 2023 july 

I webt to hospital because i diagnosis with jaundies with high fever

On that i  went to hospital

After that i produced all my documents to reaimburse my claim

After 10 days one person from ICICI Lombard came to me and hospital collected all information about my hospitalaisation

After one month they rejected my claim with its not necessary treatment

I went to grevience with all supporting documents

After they rejected my caim with out giving any reson

I so many times called vut there was no response


Finally i went irda against icici through Bhima bhorosa 

They took my complaint and forwaded to icici Lombard

After they called me and asked some time with in 15 days

After 10 days they rejected my claim with two reasons

One is Misrepresentation of material facts

Second ine is alchocal based disease


I strongly condemn this and i asked icici lombard

If u didnt prove am i alcholic i will file personal differment suit aganist you i said

Finally they removed alchocal clause

And they said misrepresentation of material facts the third reason

I strongly condemn this after they said u come for reconsidertion with necessary justification


After that they asked 4 working days today is third day

O have to wait for onther one day


So all you know how icici lombard playes Moneky tricks with me


I wont give up 

I fight for justice untill i get that



Finally i strongly said dont take icici Lombard",1771,unknown,0,health,Claims Experience,Claims Processing,Claims / TPA,Misrepresentation / Incomplete Explanation,Anger,High,"Event: Purchased health policy in 2018. Process: Filed claim in July 2023 for jaundice with high fever after 6 years, submitted documents, claim was initially rejected, escalated to grievance, then IRDA via Bhima Bharosa, and finally rejected again with reasons of misrepresentation and alcohol-based disease. Outcome: Claim was rejected twice, with the company initially removing the alcohol clause but maintaining misrepresentation as the reason, leaving the customer to seek reconsideration.",3,2,Medium
https://www.youtube.com/watch?v=86_1t1Zc4Dc&lc=Ugyrg_W16s75fR_8Z1B4AaABAg,2023-06-01 05:30:00,"सर, मेरे बाइक को सर्विस सेंटर में देनें के लगभग एक सप्ताह बाद तो सर्वेयर सर्वे किया है। अब इंश्योरेंस कंपनी वाला कहता है चवालीस हजार का ईस्टमेट बना है आधा बिल आपको पेमेंट करना है। और मेडिकल के डॉक्युमेंट्स भी मांग रहा है जबकि मेने मेडिकल तो एआईआईएमएस में करवाया है परंतु क्लेम न तो थर्ड पार्टी का कर रहे है और न ही हम दो लोगों की इंजरी का । सिर्फ बाइक रिपेयर करवानी है । मेरे comprehensive insurance hai bike का, बाइक का मॉडल 2013 है और पॉलिसी में गाड़ी की कॉस्ट लगभग 38,000 है।मुझे क्या करना चाहिए । आईसीआईसीआई Lombard कंपनी का इंश्योरेंस है। कृपया गाइड करे , क्यों आधे पैसे मांग रहा है?",588,unknown,0,vehicle,Claims Experience,Claims Processing,Claims / TPA,Process / Documentation Friction,Confusion,Medium,"Event: Bike accident. Process: Submitted bike for service, surveyor took a week to survey, insurance company stated a Rs. 42,000 estimate and asked the customer to pay half the bill, also requested medical documents despite medical treatment being done at AIIMS. Outcome: Customer is being asked to pay half the repair bill and is unable to claim for injuries, despite having comprehensive insurance.",3,2,Medium
https://www.youtube.com/watch?v=OS2ESbBGalI&lc=Ugw1Qfs8rnDa_YvsvQh4AaABAg,2025-06-01 05:30:00,"Maine policy bazar k through apne father k liye health policy Li thi.. 
Do sal waiting k bad maine policy port kara liya icici lombard may. 

Issue: At the time of Claim, they rejected it saying my father had hypertension PED and it was not disclosed. 
I informed them that there no such history of it and it was hospitals mistake where they have enabled Hypertension in prescription. 
We then shared updated prescription copy along with apology letter from hospital still they rejected it and cancelled the policy too. 
Now what can I do.. 
I have invested 4 yrs of hard earned  money buying policy on EMIs and due to hospital mistake my policy is cancelled. Can I get some help.",680,unknown,0,health,Claims Experience,Claims Rejection,Unknown,Misrepresentation / Incomplete Explanation,Resignation,High,"Customer purchased a health policy for their father, ported it to ICICI Lombard after two years. At the time of claim, ICICI Lombard rejected it stating hypertension was not disclosed, which the customer claims was a hospital mistake. Despite providing an updated prescription and an apology letter from the hospital, the policy was rejected and cancelled.",2,1,Medium
https://www.youtube.com/watch?v=1u5CgAdh0bE&lc=UgzI-ZsGIChps0gWo7B4AaABAg,2026-03-01 05:30:00,ICICI Lombard is a total scam. Our accidental car was going under Total Loss and they sent their surveyor to bring down all the repair costs mentioned by Showroom Workshop to below 75% of IDV and forced us to get our car repaired. We went to the Insurance Ombudsman and there we realised that these insurance companies have very deep pockets and they keep the ombudsman well fed to get the desired verdict.,406,unknown,0,car,Claims Experience,Claim Settlement Issue,Claims / TPA,Process / Documentation Friction,Betrayal,High,Customer's accidental car was declared Total Loss by ICICI Lombard. The surveyor allegedly forced them to accept repair costs below 75% of IDV. The customer also believes the Insurance Ombudsman is influenced by insurance companies.,2,2,Medium
https://www.youtube.com/watch?v=1u5CgAdh0bE&lc=UgyZCssetdxkaJ1XAHZ4AaABAg,2026-03-01 05:30:00,"if we leave mahindra aside and the gov too here, i thought icici lombard was a great insurance company. A lot, I think atleast 70% vehicles that people buy from showrooms get icici lombard insurance as the showroom does the insurance on the onroad price. This is a big scam that icici is doing. Ofc the biggest blame goes to the goverment for not fixing that road which is deadly but if this happens to a middle class man who cant afford to do anything, icici doing this is not acceptable. Mahindra car is good service is not, this car should be written total loss and new car should be given which would be good and venom bro would be happy... instead they do shit like this",675,unknown,0,car,Claims Experience,Claim Settlement Issue,Agent / Advisor,Misrepresentation / Incomplete Explanation,Anger,High,"Customer believes ICICI Lombard is involved in a 'big scam' by insuring a high percentage of vehicles sold through showrooms, leading to unfair claim settlements. The comment criticizes ICICI Lombard's actions, especially for middle-class individuals, and suggests the car should be declared a total loss.",2,2,Medium
https://www.youtube.com/watch?v=1u5CgAdh0bE&lc=Ugxiy3DLka_QWal2wiV4AaABAg.AT34-SbgU4jAT7C-KGdwAx,2026-03-01 05:30:00,"Icici Lombard sucks. I own f77 superstreet bike with icici Lombard insurance. My rim got broken because of a major pothole on the highway. File the claim insurance company told me to do the payment, we will reimburse. Till date I didn't got my money back. One thing i am happy about is ultraviolette service is awesome, they'll make your bike brand new. This insurance is just on paper and can save you from traffic challans but in reality you don't own any insurance.",468,unknown,2,unknown,Claims Experience,Claims Processing,Claims / TPA,Process / Documentation Friction,Betrayal,High,"Event: Rim got broken due to a major pothole on the highway. Process: Filed a claim with ICICI Lombard, who asked the customer to pay first and they would reimburse. Outcome: Customer did not get their money back. The comment also praises the service of Ultraviolette (the bike manufacturer).",3,2,Medium
https://www.youtube.com/watch?v=BA4B_boDMPI&lc=UgybVZuyyKOHs_1FMmB4AaABAg,2025-06-01 05:30:00,"Maine 3 saal tak premium bhara or jab mujhe seviour pain me admit hona pda ..toh inhone ye keh kr claim reject kr diya k ..ye treatment OPD me ho jata,do not buy insurance policy from ICICI lombard.i will legal action against this company .i will never suggest to anyone to buy any policy from ICICI Lombard ...chor hai saale .. froud company",342,unknown,0,health,Claims Experience,Claim Rejection,Unknown,Misrepresentation / Incomplete Explanation,Anger,High,Event: Admitted to hospital due to severe pain. Process: Filed a claim after paying premium for 3 years. Outcome: Claim rejected with the reason that the treatment could be done in OPD. The customer expresses intent for legal action and warns others against buying ICICI Lombard policies.,4,2,Medium
https://www.youtube.com/watch?v=mgWqUOYcgvY&lc=UgzWY8ZnujhSWjibSah4AaABAg,2023-06-01 05:30:00,"Sir mere paas ICICI Lombard ki taraf se call ayi thi wo wole aap apna 
marksheet, adhar card, pan card, bank details, mang rahe hai or bool rahe hai aap insurance agent ban sakte hai 
or apki traning bhi hogi 
mene ICICI Lombard ki site se apply Kara tha.",255,unknown,0,unknown,Onboarding & Policy Understanding,Agent/Advisor Interaction,Agent / Advisor,Misrepresentation / Incomplete Explanation,Confusion,Medium,"Event: Applied for insurance agent position on ICICI Lombard's site. Process: Received a call from ICICI Lombard asking for documents (marksheet, aadhar, pan, bank details) and offering training to become an agent. Outcome: Implied acceptance of the offer to become an agent.",3,3,Medium
https://www.youtube.com/watch?v=2_DHj0iP4j4&lc=UgyxX9wbuX22Nwp44gZ4AaABAg,2023-06-01 05:30:00,"Ji mera 42000 ka kharcha laga phir bhi mera shocker pipe change nahi Hua mujhe 1 saal se dikate aa rahi hain. Mere time pe honda walo ne list hi nahi Kiya tha abhi tak me pachta raha hun. Sir aap Pura try kijiye sab kuch change ho Jaye warna aapko discomfort feel hoga mera gadi liye huye 6 months me accident Hua April me Hua or ab tak ek din khusi se nahi chala pa raha hun bahut dukh lagta hai.
Sir try ICICI Lombard ko mail karke",433,unknown,1,unknown,Claims Experience,Claims Processing,Claims / TPA,Process / Documentation Friction,Anger,High,"Event: Vehicle accident occurred 6 months ago, resulting in a 42000 expense for a shocker pipe change. Process: The issue has been ongoing for 1 year, and the user is experiencing discomfort. The user is asking to try and get everything changed. Outcome: The shocker pipe was not changed despite the expense, and the user is regretting the purchase and the accident, feeling unhappy.",2,2,Medium
https://www.youtube.com/watch?v=2_DHj0iP4j4&lc=UgyxX9wbuX22Nwp44gZ4AaABAg.9mgcSNHgrTq9mhWggvfvif,2023-06-01 05:30:00,"Thanku sir ji for ur valuable input. Mere case me forks replace ho hi jayenge sayad but insurance walo ka attitude bht bekar hai je bat samajh aa gyi, baki insurance walo ka to nai pta but ICICI Lombard bilkul bhi recommend nai krunga.",235,unknown,0,unknown,Early Regret / Exit Intent,Servicing & Policy Admin,Unknown,Communication / Language Barrier,Resignation,Medium,Event: User incurred an expense of 42000 for vehicle repair. Process: The insurance company's (ICICI Lombard) attitude is described as very bad. Outcome: The user explicitly states they will not recommend ICICI Lombard.,2,2,Medium
https://www.youtube.com/watch?v=Nykiib7seEQ&lc=UgyMqTadEWVt7K7YE-R4AaABAg.ATiYtWMTBqKAUoobL-WxQ1,2026-04-01 05:30:00,"​ @snehaashish9188 kabhi mat lena mena apni scooty park kari thi peche se kisi gadi ne jor se thokkar bhag gaya tha icici walo ko bataya to unhone bola ke janbujhkar kiya hai nahi milega Mera pura 20 k lag gaye thik karne me 
That's why 
Bata raha hu koi bhi Lena but icici Lombard mat lena pachtaoge",300,unknown,0,unknown,Claims Experience,Claims Processing,Claims / TPA,Misrepresentation / Incomplete Explanation,Betrayal,High,"Event: Scooty was hit by another vehicle while parked, and the driver fled. Process: ICICI Lombard claimed the damage was intentional and denied the claim, resulting in the user paying 20,000 for repairs. Outcome: The user regrets choosing ICICI Lombard and strongly advises against it.",1,1,Medium
https://www.youtube.com/watch?v=hDmBwGJdOU4&lc=UgzetozkbS80EIjKtct4AaABAg,2026-03-05 05:30:00,"My ICICI Lombard motto insurance claim is rejected even after providing all evidence and accident details, CCTV footage, still the reject the claim and when I ask for reopening the case they just give silent, not replying on social media or email, they keep the customer frustrated, take advantage when we are vulnerable. If there is some genuine reason for rejection please explain it to the client so we are satisfied, don't keep ignoring messages. All this back and forth affects our work personal life and mental health, does ICICI Lombard take responsibility for this",572,unknown,1,unknown,Claims Experience,Claims Rejection,Unknown,Process / Documentation Friction,Frustration,High,"Customer's ICICI Lombard motto insurance claim was rejected despite providing all evidence including accident details and CCTV footage. When requesting reopening, the insurer remained silent and unresponsive on social media and email, causing customer frustration and impacting their work, personal life, and mental health. The customer seeks a genuine reason for rejection or a satisfactory explanation.",3,2,Medium
https://www.youtube.com/watch?v=hDmBwGJdOU4&lc=UgzAoKhvHOAZqBSkE4F4AaABAg,2025-04-05 05:30:00,"ICICI Lombard se kbhi insurance mt lena mera 2 insurance chal rha h ek hi Scooty par aur pata nhi ye kb hua mujhe 2 baar premium charge kr liya aur ab bol rha double insurance hogya h isliye claim nhi milega 
Inka band to mai baja ke rahungi customer ko bewkuf samajh rha h
Inka gmail par bhi reply nhi arha .",309,unknown,2,unknown,Claims Experience,Claims Rejection,Unknown,Misrepresentation / Incomplete Explanation,Anger,High,Customer has two ICICI Lombard insurance policies for the same scooter. They were charged the premium twice and now the insurer is stating it's a double insurance and will not provide a claim. The customer is also experiencing a lack of response via email.,3,2,Medium
https://www.youtube.com/watch?v=hDmBwGJdOU4&lc=UgzehsC8XAEXjni5X5J4AaABAg,2025-04-05 05:30:00,"sir mene second hand bike li thi pr insuarance transfer nahi krwa paaya thaa to us wajah se mene icici lombard kaa insuarance liyaa or 1 mahine bd meri bike ladd gyii to insuarance wale is basis pr claim reject kr rhe hai ki aapke paas policy thi to aapne dusri kyuu lii to is cheez me main kyaa karu sir.
please help sir",321,unknown,3,unknown,Claims Experience,Claims Rejection,Unknown,Misrepresentation / Incomplete Explanation,Confusion,High,"Customer bought a second-hand bike and took ICICI Lombard insurance because they couldn't transfer the original insurance. A month later, the bike met with an accident. ICICI Lombard is rejecting the claim on the basis that the customer already had a policy and shouldn't have bought another one.",3,2,Medium
https://www.youtube.com/watch?v=0dvkZ-rnnjo&lc=UgwjnE8CgP3CLfh5bwR4AaABAg,2023-03-31 05:30:00,"Yh pese lens k baad sochte h hum nhi de claim mene 8hajar diye h or ispection officer ka behavior aisa h jese m chor hu unke saamne bhikh maangli wo approved nhi kr rhai h 10 din hogye i think
Icici lombard fraud krta h 12610930 yh h claim plz krao kam",252,unknown,0,unknown,Claims Experience,Claims Rejection,Unknown,Process / Documentation Friction,Anger,High,"Customer paid ₹8000 for insurance and is alleging ICICI Lombard is refusing to pay the claim. The inspection officer's behavior is described as demeaning, as if the customer is begging. The claim has been pending for 10 days, and the customer believes ICICI Lombard is committing fraud.",4,1,Medium
https://www.youtube.com/watch?v=0HIUhPM-4Sk&lc=UgxTdpRQJRvrfse7msN4AaABAg,2025-05-05 05:30:00,"Mandeep bhai maine aapki video bhut achchi tarah dekhne ke baad HDFC ergo ki costly insurance November 2023 me li thi, ki ye soch ker agar jaroorat pari to claim se company reject nhi karegi, abhi mujhe klhealth issue ho gya hai jiske liye maine policy bazar ko call kiya tha ki main hospitalized hone wala hu surgery ke liye to insurer mera claim approve karegi ya nhi, to policy bazar walo ne bataya ki, approval nhi milega kyunki 24 month ka waiting period hai jo illness mujhe hui hai wo slow growing disease list me hai, Ye policy lene time to bataya hi nhi tha policy bazar walo ne. Jab maine kaha ki mere friend ko same illness ke liye ICICI lambard ne to ooska claim accept ker liya to agent ne bataya ki ooska 2 saal ka waiting period jaroor khatam ho gya hoga isiliye ooska claim accept ho gya hoga. Ab aap hi bataiye main kya karu, itne paise premium dene ke baad bhi agar bad situation me bari insurance company aise dhoka dene lagi tabhi to public kisi bhi type ke insuran ko scam bolti hai. Or meri illness 2 april se suru hui hai. Isse pahle mujhe ye illness kabhi nhi thi. Kya aap meri help ker sakte hain? Main consultation fee dene ke liye bhi ready hu. Per kaise aapse contact karu ye nhi pata mujhe.",1219,unknown,0,health,Claims Experience,Claims Rejection,Digital / App / Website,Misrepresentation / Incomplete Explanation,Betrayal,High,"The user purchased HDFC Ergo insurance based on a video, but when hospitalized, Policy Bazaar informed them of a 24-month waiting period for their illness, which was not disclosed at the time of purchase. The user contrasts this with a friend whose claim was accepted by ICICI Lombard for the same illness, implying a potential misrepresentation or lack of transparency from the seller (Policy Bazaar) and a perceived unfairness compared to ICICI Lombard's handling.",3,2,Medium
https://www.youtube.com/watch?v=d_oDj5F3Qgk&lc=UgyTFKvMPyMmaRhxi_B4AaABAg,2025-04-04 05:30:00,"I am victim from this fraud by ICICI Lombard, to sale the product the sales team will give all the fake commitments and make u buy the ICICI Lombard insurance, once u trapped they will show u actual face.....I have informed all my pre existing diseases while taking this insurance to sales team and medical team, and they mentioned the pre existing disease very diplomatically, now these insurance teams says, the disease is permanently excluded from the list, if it excluded then why they claim the waiting period,  if it is not falls under the policy then why they says after waiting period it will covered every penny of bills......let's see now what action is taking by ICICI Lombard escalation team in there Fraudulent activities by sales teams and irresponsible medical team...who don't do the proper verification which causes the issue to general public...... now this makes very stressed and I wasted a long time with these fraud Insurance company.... very frustrated situation with these unprofessional insurance",1021,unknown,1,health,Claims Experience,Claim Denial,Agent / Advisor,Misrepresentation / Incomplete Explanation,Anger,High,"The user claims ICICI Lombard sales and medical teams provided fake commitments and misrepresented pre-existing diseases, leading to claim rejection. They were told the disease was permanently excluded, contradicting earlier statements about waiting periods covering the illness. The user feels trapped by fraudulent activities and irresponsible medical verification.",4,1,Medium
https://www.youtube.com/watch?v=xafTtRZfjYM&lc=UgwIuL-MUFbfBthOhWl4AaABAg,2024-03-31 05:30:00,"Hi ICICI Lombard insurance team,
I really feel happy for the great n quick service provided by ICICI Lombard team handled by Mr. Abhilash for Bangalore  one of my two wheeler insurance process. He is very sincere, polite, gentle man n taken quick action without any follow up from my end . easily I have got repaired my bike n ICICI Lombard paid their  side money in a short time . 
I can say i will give 100 out of 100 to team n specially to Abhishek.god bless u guyz.🙏🙏🙏👍👍👍👍",476,Bangalore+India,3,unknown,Servicing & Policy Admin,Policy Servicing,Agent / Advisor,Process / Documentation Friction,Anger,Medium,"The user is happy with ICICI Lombard's quick and great service for a two-wheeler insurance process handled by Mr. Abhilash in Bangalore, resulting in bike repair and timely payment.",5,5,High
https://www.youtube.com/watch?v=w64SCs0L66M&lc=UgxSq7olVFKm0VmycmF4AaABAg,2026-03-05 05:30:00,Sir agle 2 week baad mera scorpio N z8s diesel manual 2wd ka delivery hai mujhe wo 17.79L ex Shwroom pd rha mujhe insurance konsa lena chaiye abhi recently Venoms Tech naam ka youtuber ka xuv 9e ka accident ka video dekha usme icici Lombard and mahindra ka after sales Boht bekar bataya infact wo gari pura khrb krdia hai unlog accident hone k baad repairing mai... Toh mai kya kru sir konsa insurance lu konse company ka aur kitna charge ayega IDV kinta rakhu showroom wale insurance ka 70k bata rhe hai,504,unknown,2,health,Claims Experience,Claims Rejection,Claims / TPA,Misrepresentation / Incomplete Explanation,Anger,High,"Event: Health insurance claim rejection. Process: Claim filed with ICICI Lombard (Elevate Policy) after full disclosure of medical history and submission of prior records. Outcome: Claim rejected due to misunderstanding/misinterpretation of 'Laparotomy' as an undisclosed pre-existing condition, despite Hernia being disclosed.",3,2,Medium
https://www.youtube.com/watch?v=00a9c4rbHbk&lc=UgzGdrX8t_Aw1LvmP9R4AaABAg,2026-03-05 05:30:00,"Maine aaj ICICI Lombard se mere bike ka first party insurance purchase kar liya, mera bike 2022 registered he, aur pehle wala First Party Policy 2023 me khatam ho gaya tha, but third party already 2027 tak he, toh kiya abhi mujhe ICICI Lombard me mere bike ka photo/video upload karna padega ya nahi ??",302,unknown,1,health,Servicing & Policy Admin,Policy Alteration,Agent / Advisor,Misrepresentation / Incomplete Explanation,Betrayal,High,"Event: Porting health insurance policy. Process: After 15+ years with other insurers, ported to ICICI Lombard, disclosed all details, doctor verification done, confirmed coverage from Day 1 including PED and ported sum assured. Made payment and received policy. Outcome: Policy issued with a 3-year waiting period and reduced sum assured, contrary to confirmation. Customer is harassed and wants the promised policy.",4,2,Medium
https://www.youtube.com/watch?v=uJIdQ24V5OY&lc=Ugy3QpIdSrut_AayxGB4AaABAg,2025-09-06 05:30:00,"""We provided ICICI Lombard with complete information and all documents – police report, official FIR copy, district administration report, and media coverage. Despite this, the company is saying that the claim cannot be processed until the vehicle reaches the workshop. Our vehicle fell into a nearly 300-meter deep gorge, making it impossible to move it to a workshop ourselves. It is clear that the company is avoiding its responsibilities and trying to block the claim, even though all valid evidence is with them. We expect ICICI Lombard to take immediate and proper action in the interest of the customer.

If ICICI Lombard continues to behave this way and block claims, I will remain against their policies for life, and spreading awareness about this will be my lifelong mission. Uttarakhand has approximately 16,826 villages, and spreading the message that people should not buy policies from ICICI Lombard is not a big deal – it is now very easy to do. Today, social groups and networks in villages are very strong, so this message will reach everywhere. This clearly shows their lack of customer service and responsibility.""",1134,unknown,1,unknown,Claims Experience,Claims Processing,Claims / TPA,Process / Documentation Friction,Betrayal,High,"Event: Vehicle fell into a gorge. Process: ICICI Lombard denied claim processing until the vehicle reached the workshop, despite providing all documents (police report, FIR, etc.). Outcome: Claim is being blocked, customer feels the company is avoiding responsibility and blocking the claim.",3,2,Medium
https://www.youtube.com/watch?v=uJIdQ24V5OY&lc=UgwkOlyQDGkKnjm5J-V4AaABAg,2020-04-06 05:30:00,"FRAUD. FRAUD. FRAUD... FRAUD

FRAUD DONE BY ICICI LOMBARD GENERAL INSURANCE...
PLEASE DONT BUY ICICI POLICY FOR YOUR CAR AND NOT EVEN FOR YOUR LIFE....

This is in regards to my Vehicle No:- DL9CAN-8800 i.e Honda City VX CVT bearing Policy No. 3001/HA-100306930/00/000 and Proposal No. P11525259 ON Dated:-31/03/2019. I always take insurance of my cars from ICICI LOMBARD and for the said vehicle I am getting insurance from Honda Assured by ICICI LOMBARD Since I have this Car. On Dated 31/03/2019, I got a call that your car policy is getting expire in next 3 months, So i am loyal customer of icici lombard I opted to renew my car insurance that time on 31/03/2019 and I got my new policy(2019-2020) before expiry of previous policy (2018-2019) with 25% NCB as i dint took any claim in that year till 31/03/19 which was expiring on 06/06/19. After Renewing new policy I met with an accident and I took two claims in my previous policy (2018-2019) in MAY and June Month 2019 and noone told me or remind me to pay 25%NCB which i got in new policy.
Everything was running fine and we are not aware of giving back NCB to ICICI LOMBARD because it was renewed even before 3 months prior of expiry and Unfortunately I met with an accident on 15 December 2019 and on Delhi-Jaipur Highway, I dint get any help from ICICI LOMBARD Roadside Assistance which made me realize how worst this policy is....Not even this when i sent my vehicle to CHERISH HONDA, NEW DELHI , one of the inspection executive MR. RAHUL DAWAR told us that you will not get claim as u have hidden some facts from the ICICI LOMBARD INSURANCE CO. ...'' You hadn't told about the claim you had taken in previous policy and for that instance you got 25%NCB while renewing your new policy. So, After got to know this, immediately I Called up to customer care and initiate a NCB Recovery which I paid to ICICI LOMBARD GENERAL INSURANCE CO. instantely, But Today even after paying the NCB, Mr. RAHUL DAWAR emailed me itself to pay 25% of whole expenses by saying I am the Head which is totally out of my mind. Before Email, He was saying that I have emailed to ICICI LOMBARD about the decision whether to cover it in Zero Dep. or To take it as SUB-STANDARD and for this process he has wasted my 3 Days. I am also attaching an email for your reference.

My Questions are :-
1. Who told you to do Insurance 3 months prior of expiry?
2. Why ICICI LOMBARD had done my insurance 3 months prior of expiry?
3. Why ICICI LOMBARD has not notify me to pay NCB when i had taken claims in previous year policy?
4. Even after paying NCB, MR.RAHUL DAWAR is requesting me to pay 25% of expenses. So, Whats the point to pay back NCB?
5. If ICICI does Insurance prior 3 months of expiry, then you should be aware of all this things and should notify customer about it.
6. Why ICICI has not remind me to pay NCB?
7. Is this my fault that i renewed my policy before 3 months of expiry?

Please try to answer my questions:
I have 5 Cars with me and Always prefer to get insurance from ICICI LOMBARD but from today onwards, I will stick on my words ''NOT TO BUY SUCH A PATHETIC SERVICE OR POLICY'' Because this is totally fraud with customers even after being a LOYAL customer.

I will go to Legal Authorities/ Consumer Court against this and would highlight this matter on social media too because this is a matter of Concern now.
I am a Youtuber of Automobile Channel having more than (1.3 Million Subscribers) and will help my public by making such a nice video on this about what has happened with me by taking ICICI Policy, So that they never be think of buying ICICI Policy in their Life.
I have Many Youtuber Friends of Automobile Channel who has followers more than me, Will take their help too to highlight this serious matter.
Will make it Popular on FACEBOOK, INSTAGRAM too.
Kindly try to investigate in this matter because I Guess Your Surveyer is hiding some facts , he even does not know how to talk to customers. When I got his Contact no, He just said not to call me.

Regards
ABHISHEK",4037,unknown,1,unknown,Claims Experience,Claims Processing,Agent / Advisor,Misrepresentation / Incomplete Explanation,Anger,High,"Event: Customer renewed car insurance with ICICI Lombard 3 months before expiry, receiving 25% NCB. Customer later filed two claims under the previous policy. Process: ICICI Lombard did not notify the customer to pay back the NCB for the new policy. After an accident, ICICI Lombard is now demanding NCB repayment and threatening to deny the claim, even after the customer paid it. Outcome: Customer is facing claim denial and additional charges despite being a loyal customer and fulfilling requirements.",4,2,Medium
https://www.youtube.com/watch?v=cDIwvl4aJWo&lc=Ugy609oO-twwOFoRFDR4AaABAg,2025-03-31 05:30:00,"Bhai pata kaise chalta hai ki kya kya claim kar sakte hai ? (Icici Lombard mein)
Mere burgman ke engine me paani gaya hai usko kholna padega toh jo bhi bill banega kya wo insurance me ho jayega kya ? (Me gir gaya tha tab paani bhara tha road par aur gaddha me tyre gaya - paani tha so pata chala nai aur gir gaya. Fir Engine me pani chala gaya)",344,unknown,0,unknown,Claims Experience,Claims Processing,Claims / TPA,Process / Documentation Friction,Confusion,Medium,Event: Customer's scooter engine filled with water after falling into a pothole. Process: Customer is asking if the repair bill for opening the engine will be covered under ICICI Lombard insurance. Outcome: Uncertainty about claim coverage for engine damage due to water ingress after an accident.,3,3,Low
https://www.youtube.com/watch?v=cDIwvl4aJWo&lc=Ugyy2eKBZMPnf_cDtrt4AaABAg,2023-03-31 05:30:00,Sir mere pass bhi iqube hai or uski motor bend ho gyi hai Accident mai  or icici lombard wale mna kr rahe hai claim dene se kehre hai ki accident nhi hai agr hota to aage wala tyre bhi bend hona chaiye tha please help,217,unknown,1,unknown,Claims Experience,Claims Processing,Claims / TPA,Process / Documentation Friction,Anger,High,"Event: Customer's scooter motor bent due to an accident. Process: ICICI Lombard is denying the claim, stating it's not an accident because the front tyre is not bent. Outcome: Claim is being denied based on the insurer's interpretation of the accident evidence.",3,2,Medium
https://www.youtube.com/watch?v=tv7_qrm4xwg&lc=UgylHpkNtR4dij8lRGd4AaABAg,2024-04-06 05:30:00,"Navigating insurance claims can be a maze, but silence isn't the answer. Reported my claim, met with a false explanation & closed doors.Re-reported, yet the team & even the CEO of ICICI Lombard remain quiet. Where's the accountability? #InsuranceWoes #ICICILombard #Sanjeevmantri",279,unknown,0,unknown,Claims Experience,Claims Processing,Claims / TPA,Misrepresentation / Incomplete Explanation,Anger,High,"Reported a claim to ICICI Lombard, was met with a false explanation and closed doors. Re-reported, but the team and CEO remained quiet, indicating a lack of accountability.",2,1,Low
https://www.youtube.com/watch?v=VYDJ7p4i72c&lc=UgyZWGcYlZ1iYyurqJl4AaABAg,2025-11-04 05:30:00,"I am also facing the issue that there is a mild scratch on my backside car and which is done by a bike who just did a sudden break and it got my scratches or tail break, so I applied for the ICICI Lombard claim, but after that they are applied for approval. They call me for what is happening. I told each and everything that yesterday night I just Got a call from IC not that person ICIC person, they just give me a call of Fraud call like are you going? Can you give me a drive for Visakhapatnam airport and I will pay you so my car is in service centre because of this incident and I am doing my Other services car like washing another things. I just give my car on that so I asked that where you got my number so he said that your number is got from some other other candidates and you are doing some commercial like you are doing rent. You’re giving rental cars like that, so I said no, I am not giving any Rental to the car, so maybe a wrong number. He’s speaking in Hindi that time and he’s not speaking properly. English or Hindi is saying that I want to go Visakhapatnam airport. After that. I said okay if you want, I think somebody is doing prank with me and I say okay, just pay me the 5000 so he saying just 5000 is okay or you don’t want more money, why I said okay give me 7000 he said 7000 is okay so I said okay you pay tollgate and other things so he said okay, I will I want to pay you in advance, so I said okay, you can pay me in advance. He said okay just give me your number. I don’t give my number even I just cut the call. I said I think this was a fraudulent call, some fake call, so I just close. I just checked my Bank balance. Also, that some cutting is done from my or any fraudulent activities done by my bank account, so by God, Grace, nothing is happened on morning today. I got a call from ICICI Lombard. He say that we give a call yesterday night that you are. You are using your car for commercial usage. Even I don’t understand my car is new and my car is always in parking lot or if you are going for half an hour or one hour or we are going for a day outing. We are just going. We have a CCTV footage. We have approved that our car is not going our usage for a commercial usage, they just give a call or a fraudulent call, and they said that this is a commercial use, so we are not providing the claim And we are disclosing your claim this type of fraudulent activity done by icici lombard",2428,Visakhapatnam,1,unknown,Claims Experience,Claims Processing,Claims / TPA,Misrepresentation / Incomplete Explanation,Betrayal,High,"Applied for an ICICI Lombard claim for a car scratch caused by a bike. ICICI Lombard called claiming the car was used for commercial purposes based on a fraudulent call, leading to claim rejection. The customer provided evidence against commercial usage and stated the car is new and not used for commercial purposes.",2,1,Medium
https://www.youtube.com/watch?v=VYDJ7p4i72c&lc=Ugz2Zgok-_87pNOrWlx4AaABAg,2025-08-04 05:30:00,"""BOYCOTT"" ICICI lombard insurance. Customer's can't claim their insurance beacuse their employees continously work for the rejection of the insurance policy. They will be awarded  for the decline of the insurance policy. Don't waste your hard earned money on this policy because they don't cover the claim at all. In return they will find faults with the customer's with out doing any wrong.",391,unknown,1,unknown,Claims Experience,Claims Processing,Agent / Advisor,Misrepresentation / Incomplete Explanation,Anger,High,Customer's insurance claim with ICICI Lombard was rejected due to employees allegedly working for rejection. The customer states that employees find faults without justification and advises against wasting money on their policies as claims are not covered.,2,1,Low
https://www.youtube.com/watch?v=VYDJ7p4i72c&lc=UgxaxIEpljr1DeEhhq94AaABAg,2025-07-04 05:30:00,Mera bhi ICICI Lombard ke andar insurance tha lekin ab next year mein ICICI Lombard mein insurance nahin kar paunga bahut bahut dhanyvad aapka yah video banane ke liye Ham Tak information pahunchane ke❤❤❤❤❤❤,207,unknown,2,unknown,Early Regret / Exit Intent,Policy Admin,Unknown,Unknown,Resignation,Medium,The customer states they had insurance with ICICI Lombard but will not renew next year due to their experience. They express gratitude for the information provided in the video.,1,1,Low
https://www.youtube.com/watch?v=VYDJ7p4i72c&lc=UgwmVo9UWnVk0U00OqV4AaABAg,2025-06-04 05:30:00,My experience with ICICI Lombard has been very good. My bike was stolen ans I got my claim very quickly even before the police report on the case was submitted. I am very sorry for the experience you have had.,209,unknown,0,unknown,Claims Experience,Claims Processing,Claims / TPA,Unknown,Anger,High,"The customer's bike was stolen, and they received their claim settlement very quickly, even before the police report was submitted. The customer expresses regret for the negative experience of the person they are responding to.",5,5,Medium
https://www.youtube.com/watch?v=VYDJ7p4i72c&lc=UgwLb1R0IuIILQqODcZ4AaABAg,2025-06-04 05:30:00,bilkul mat karwana icici lombard meri new car accident hua tha usko cancel karne ki saari koshish ki in logo ne bht pareshan karne ke baad claim approve kia 3 month old car zero dep tha usme bbi 9000 nahi diye last mien .... bilkul mat karwana icici lomabard se koi bbi,269,unknown,0,unknown,Claims Experience,Claims Processing Delay,Unknown,Process / Documentation Friction,Anger,High,"New car accident claim was difficult to cancel, after much trouble the claim was approved but only 9000 was given for a zero dep policy on a 3 month old car.",3,2,Medium
https://www.youtube.com/watch?v=VYDJ7p4i72c&lc=Ugz2qML6av0KlXacmJx4AaABAg,2025-06-04 05:30:00,"Ekdum sahi baat bole ho aap. Meri Altroz ka fuel tank leakage hua tha , in lomard walo ko 2 mahine Lage 5000 ka claim settlement krne ko. Muze bhi bola gya tha reject hua hai claim. But I had all the proofs to prove them wrong. I'll never buy Icici Lombard again ever",267,unknown,0,unknown,Claims Experience,Claim Settlement Delay,Unknown,Process / Documentation Friction,Anger,High,"Fuel tank leakage claim took 2 months to settle for 5000, was initially told the claim was rejected but had proofs to dispute.",3,2,Medium
https://www.youtube.com/watch?v=VYDJ7p4i72c&lc=UgxGKwWctGaClRZOMsl4AaABAg.AIR008k4FMXAIR0qiUR9OR,2025-06-04 05:30:00,"Thank you Sujit for your comment

Yes I have some strong grounds against ICICI LOMBARD for my case

As ICICI LOMBARD sent me an email 4 months ago and mentioned that they will deliver the claim repudiation letter to my address however they failed to deliver that

Also luckily I have a call recording of the Claim manager where he mentioned to me that you can proceed for litigation and bank will answer the reason",414,unknown,1,unknown,Claims Experience,Claim Repudiation Communication Failure,Digital / App / Website,Misrepresentation / Incomplete Explanation,Confusion,Medium,"ICICI Lombard sent an email 4 months ago stating they would deliver a claim repudiation letter but failed to deliver it, and a claim manager mentioned proceeding for litigation.",4,3,Medium
https://www.youtube.com/watch?v=VYDJ7p4i72c&lc=Ugx1xT4fZ4vjzNjKldN4AaABAg,2025-06-04 05:30:00,"Disappointing Claim Settlement Experience with ICICI Lombard Insurance

I recently had a claim settlement experience with ICICI Lombard Insurance that left a sour taste. Despite having a valid claim, the process was marred by delays, lack of transparency, and poor communication.

The claim processing took an inordinate amount of time, with multiple follow-ups and unfulfilled promises. The documentation process was cumbersome, and the team seemed unresponsive to our queries.

What's concerning is the apparent lack of emphasis on customer satisfaction during the claim settlement process. As a policyholder, one expects a smoother experience, especially during an already stressful time.

Rating: 0/5 stars

Recommendation: ICICI Lombard Insurance needs to revamp its claim settlement procedure to prioritize policyholder satisfaction and transparency.",856,unknown,1,unknown,Claims Experience,Claim Settlement Delay and Poor Communication,Unknown,Process / Documentation Friction,Resignation,High,"Claim settlement process was marred by delays, lack of transparency, and poor communication, taking an inordinate amount of time with multiple follow-ups and unfulfilled promises.",3,2,Medium
https://www.youtube.com/watch?v=c_d8HE0uw_U&lc=Ugw8A7E7_2dGRYEln9h4AaABAg,2026-01-31 05:30:00,"even I was holding insurance with ICICI Lombard but without communication , they have disconnected Manipal hospital, which is one of the great hospitals and this communication never communicated to me, I escalated and changed to other provider... this guys are playing with consumers",283,unknown,1,health,Servicing & Policy Admin,Claims Experience,Digital / App / Website,Misrepresentation / Incomplete Explanation,Betrayal,High,"The user had insurance with ICICI Lombard, and without communication, the insurer disconnected Manipal hospital from their network. This was not communicated to the user, leading them to escalate and change providers.",3,2,Medium
https://www.youtube.com/watch?v=c_d8HE0uw_U&lc=UgwWo2sFc7NJIP6Jtr14AaABAg,2026-01-31 05:30:00,They are all fraud. My father in law had taken ICICI Lonbard travel policy when he visited us in the UK. Unfortunately he got hospitalised due to cardiac failure which was not diagnosed before. They still refused to pay the bill of £15000 under the pretext that he wilfully not declared it when he took up the policy.  I love my country but there are many such reasons for NRIs to build trust with indian system. Its a shame really.,432,UK,1,travel,Claims Experience,Claims Experience,Unknown,Misrepresentation / Incomplete Explanation,Betrayal,High,"The user's father-in-law had an ICICI Lombard travel policy and was hospitalized due to cardiac failure. ICICI Lombard refused to pay the £15000 bill, claiming the condition was not declared, despite it not being diagnosed before the policy was taken.",4,2,Medium
https://www.youtube.com/watch?v=c_d8HE0uw_U&lc=UgzPz3iSWU9LFw5Uw-p4AaABAg.ASU3v8HWRo2ASUlJbfDZtg,2026-01-31 05:30:00,"​Ma'am , ICICI Lombard ने आपके साथ जो धोखा किया है, वो बर्दाश्त करने लायक नहीं! Claim न देकर उन्होंने सिर्फ़ पैसे नहीं, आपका भरोसा तोड़ा है। ये फ्रॉड कंपनी है, कोर्ट में केस करें और सबको सच बताएं। आप अकेली नहीं, लाखों लोग आपके साथ हैं। न्याय मिलेगा, हार न मानें! 🙏 #ICICILombardFraud #JusticeForClaim",300,unknown,0,unknown,Claims Experience,Claims Experience,Unknown,Misrepresentation / Incomplete Explanation,Betrayal,High,"The user states that ICICI Lombard committed a fraud by not giving a claim, breaking their trust. They call it a fraud company and advise taking legal action and informing others, emphasizing that many people are with them.",4,2,Medium
https://www.youtube.com/watch?v=c_d8HE0uw_U&lc=UgzyEL2iDJgK1KpsSLt4AaABAg,2026-01-31 05:30:00,"ICICI Lombard  is habitual of rejecting these claims ground on “insufficient documents” and when we ask their call centre these people are unable to explain what these insufficient requirements are
I’ve similar experience but somehow my agent helped and came out of it eventually
Hospital also confirmed of this bad behaviour is usual and frequent  from ICICI Lombard",367,unknown,20,unknown,Claims Experience,Process / Documentation Friction,Agent / Advisor,Misrepresentation / Incomplete Explanation,Confusion,Medium,"Event: ICICI Lombard habitually rejects claims on 'insufficient documents'. Process: Call centre cannot explain requirements, and the hospital confirms this is usual behavior. Outcome: Claims are rejected due to unclear documentation requirements, though an agent eventually helped resolve a similar experience.",3,3,Medium
https://www.youtube.com/watch?v=cM0qA-GJwFE&lc=UgxiofUKAjxpR1nFwSl4AaABAg,2026-03-10 05:30:00,"Very wrost in claim.

I have 2 personal health policy Icici lombard Elevate and Niva Bupa ReAssure 2.0 

Icici lombard policy buying time clearly maintion PED And Accident Related PED.

Plan hospitalization apply cashless claim Accident related treatment. Icici lombard Elevate Reject but Niva Bupa ReAssure 2.0 approv this cashless claim.

5 day in hospital and face surgery.

Same hospital same doctor same treatment.

Icici lombard Elevate executive come in hospital and seen all paper clear maintion PED in policy. He say wrongly Reject claim.

But Niva Bupa ReAssure 2.0 without harrisment approv claim easly.",614,unknown,0,health,Claims Experience,Process / Documentation Friction,Claims / TPA,Misrepresentation / Incomplete Explanation,Betrayal,High,"Event: Hospitalization for accident-related treatment. Process: ICICI Lombard Elevate rejected the cashless claim despite the policy mentioning accident-related PED, while Niva Bupa ReAssure 2.0 approved it easily. An ICICI Lombard executive admitted the rejection was wrong. Outcome: ICICI Lombard rejected a valid cashless claim, causing harassment, while another insurer approved it without issue.",5,3,High
https://www.youtube.com/watch?v=PR9w3wRFnqA&lc=UgwiF9SQcfGGeFGPpUF4AaABAg,2025-04-05 05:30:00,"ok ,content apka bhut accha tha , aap ki mummy ki sehat shi ho jae yhi kamna krte hai so apki ma 2 march ko discharge hui apne 4 ya 5 march ko claim upload kiya hoga , means avi v process me hi hoga , sohana hospital mohali, icici lombard  ki non network hospital me aata he  isliye reimbursment me dala he so ab apply  hoga ""reasonable and customery charges"" so may be pura amount amount na aaye, aap utuber he to aa v skta he , so pls jab claim mil jae to dobara claim ki information ke saath jarur utube prr aaiyega , mujhe lgta he sayad  iol (lens ) me price pura nhi dega ...",580,"Mohali, India",0,health,Claims Experience,Reimbursement,Claims / TPA,Process / Documentation Friction,Resignation,Medium,Customer uploaded claim for a non-network hospital (Sohana Hospital Mohali) on March 4/5 after patient discharge on March 2. The claim is still in process and may not be fully reimbursed due to 'reasonable and customary charges' for non-network hospitals. Customer is also concerned about potential partial payment for lens (IOL) and lack of communication post-sale.,3,3,Medium
https://www.youtube.com/watch?v=cdeGI0C4w-o&lc=UgzeBPZRv8m3bAierwB4AaABAg.99yUCu_6gVE9Gt6JpPqsim,2021-04-05 05:30:00," @pixzdroid  mere cradit card se 2 year ke helth insurance policy ke liye icici Lombard walon ne sirf phone karke hi 3 December ko 19383 rupees kat liye  
Fir maine turant 18002666 per call ki to unhone details le liye aur bola ki aapka policy aur  refund 14 December ko vapas ho jayega .
To kya ye policy cancel ho jayegi aur refund ho jayega ya kuchh aur karna padhega
3",372,unknown,0,health,Onboarding & Policy Understanding,Policy Purchase,Unknown,Misrepresentation / Incomplete Explanation,Confusion,Medium,"Customer's credit card was charged ₹19,383 on December 3rd for a 2-year health insurance policy by ICICI Lombard, initiated only via a phone call. Upon calling customer care, they were informed that the policy and refund would be processed by December 14th. The customer is seeking clarification on whether the policy will be cancelled and a refund issued, or if further action is required.",4,4,Medium
https://www.youtube.com/watch?v=6FbiUNzt_bs&lc=Ugxr5DiElJC8HYlnOZh4AaABAg,2026-03-01 05:30:00,"I took car insurance from ICICI LOMBARD,

Now my car is under claim, just they are claiming 50% as on request that too, i see it should be 100% or rejection..
 
And when the time of sales of policy, i got multiple calls but now no one cares, lift the call..

Not satisfied and definitely switching other competitive..!",318,unknown,1,car,Claims Experience,Claim Settlement,Agent / Advisor,Process / Documentation Friction,Anger,High,"Customer took car insurance from ICICI Lombard and is currently under claim. They are dissatisfied as ICICI Lombard is only claiming 50% of the amount, whereas the customer believes it should be 100% or a rejection. The customer also notes a lack of post-sales support, with no one attending calls after the policy was sold, leading to dissatisfaction and intent to switch insurers.",3,2,Medium
https://www.youtube.com/watch?v=zwjBDuC8BC0&lc=UgxwZms5_IK18zeSJ0p4AaABAg,2025-11-06 05:30:00,I also faced ICICI Lombard insurance that starting they are giving calls for inquiry after that day. You are doing fraudulent calls for that. Can you give me a car for red or can you give and after that continuously? I’m getting call? I said whom were you want to go? You have so they said that you are using your car for commercial and so we are not payingand we are not giving claim of your insurance. This type of fraudulent activities done by ICICI Lombard.,461,unknown,0,car,Claims Experience,Claims / TPA,Unknown,Misrepresentation / Incomplete Explanation,Anger,High,"Event: Car accident. Process: Filed an insurance claim with ICICI Lombard. Outcome: ICICI Lombard denied the claim, stating the car was used for commercial purposes, which the customer disputes and calls fraudulent.",2,2,Medium
https://www.youtube.com/watch?v=J58iByN1NWE&lc=UgwFWUitiwLb1H2v9DJ4AaABAg.9k8kmEf4gzU9k8yxF62P8m,2023-04-06 05:30:00," @AapKeFaydeKiBaat  sir koi support nhi mil rahi h..loan lete samay policy purchase kri thi.toll free number pe bhi contact Kiya Lombard k office m bhi gya waha sirf master policy number Mila..claim intimate kaise kru hospital cash wala
Please support 🙏",253,unknown,0,health,Servicing & Policy Admin,Claims / TPA,Unknown,Process / Documentation Friction,Resignation,Medium,"Event: Purchased policy during loan. Process: Unable to intimate a claim for hospital cash benefit despite contacting toll-free number and Lombard office. Outcome: Only received the master policy number, no support for claim intimation.",3,3,Medium
https://www.youtube.com/watch?v=Xzp8QPZAl3I&lc=UgiU_Faon1t8UHgCoAEC,2017-04-06 05:30:00,"Respected sir,

I have taken my car insurance from icici Lombard general insurance co. ltd.,  my policy no. is 3001/MI-03281183/00/000 which is zero depreciation policy. My car had met which an accident on 18Th August 2016 near panipat due to sudden stop of a vehicle driving in front of my car due to which I have also stopped my vehicle immediately but the car driving on my back side was not able to stop his vehicle and he hit my car so badly from the back side due to which my vehicles move forward and hit the car standing on the left side of my car. 
I had a conversation with my surveyor name pakajendra singh contact no.-8588879079 he told me that they can only pass the clam of back side of my car while there is also damage on the left side of my car.
And when I call the surveyor that why you are not passing the claim of the left side of my car then he said if you want to repair the left side of your car they you have to fill the another claim form, why I need to fill another claim form while both the damage of my car happen at the same time.
THIS ICICI LOMBARD IS A SCAM PLEASE DON’T TAKE INSURANCE FROM THIS COMPANY AT TIME TO GIVING INSURANCE THEY WILL TREAT YOU LIKE YOU ARE REALLY SPECIAL BUT WHEN YOU ARE TAKING THE CLAIM FORM THIS COMPANY THEY WILL TEAT YOU LIKE YOU ARE ASSSSSHOLLLLLEEEEE…
And that surveyor pakajendra sight is big FRAUD PLEASE BEWARE FROM THAT COMPANY.


Regards,
Abhinav Massey
Contact number-8802360432",1447,Panipat,0,car,Claims Experience,Claims / TPA,Unknown,Misrepresentation / Incomplete Explanation,Anger,High,"Event: Car accident on 18th August 2016. Process: Filed a claim for a zero depreciation policy with ICICI Lombard. Surveyor stated only the rear damage would be passed, not the left side damage, and required a new claim form for the left side. Outcome: Claim for left side damage denied due to requiring a new form, despite both damages occurring simultaneously. Customer labels the company and surveyor as fraudulent.",2,2,High
https://www.youtube.com/watch?v=aKJG0Ec80FQ&lc=UgxaOfsjY5K1UfpruU54AaABAg,2025-04-05 05:30:00,"ICICI LOMBARD se mene car insurance liya hai... 5000km,( 1 year) wala.
But, in 6 months my car run 5000km . 
Now the company say No any extra km adding service available. And if I'm taking new policy then NCB not given to me...
They saying not run your car for next 6 months.😢😢😢😢

Pls Sir/ Anybody Help me about this.",317,unknown,0,car,Servicing & Policy Admin,Policy Terms & Conditions,Agent / Advisor,Product Design or Complexity,Resignation,Medium,"Event: Purchased ICICI Lombard car insurance for 5000km/1 year. Process: After 6 months, car ran 5000km, but the company refused to add extra kilometers and stated that a new policy would not include NCB. Outcome: The customer is advised not to drive for the next 6 months and seeks help.",3,2,Medium
https://www.youtube.com/watch?v=0JusqkZ1x5I&lc=UgzxmnMvQ0Ra52x8Mc14AaABAg,2025-03-31 05:30:00,ICICI Lombard elevate ne Room rent limit (twin sharing room) and 10% copayment for outside network hospital inbuilt karake company ne bahut badi galati ki hai...3 months before this conditions not applicable the,211,unknown,0,health,Onboarding & Policy Understanding,Policy Terms & Conditions,Unknown,Misrepresentation / Incomplete Explanation,Anger,High,"Event: ICICI Lombard Elevate plan introduced new conditions. Process: The company incorporated a room rent limit (twin sharing room) and a 10% copayment for outside network hospitals. Outcome: The customer states this was a significant mistake by the company, as these conditions were not applicable 3 months prior.",4,2,Medium
https://www.youtube.com/watch?v=mTg3QPNmfKY&lc=UgxVbJRIMTGBQIEBlzp4AaABAg,2024-03-31 05:30:00,Feeling unheard by ICICI Lombard after a claim rejection and silence from the team and CEO? You’re not alone. Let’s amplify your voice. #InsuranceWoes #CustomerServiceFail #SanjeevMantri  @followers @ICICILombard #icicilombardgeneralinsurance @everyone @trading @x,264,unknown,0,unknown,Claims Experience,Claim Rejection,Unknown,Process / Documentation Friction,Anger,High,"The user experienced a claim rejection from ICICI Lombard after a car accident and subsequent hospitalization, followed by silence from the company, including the CEO, leading to feelings of being unheard.",3,2,Medium
https://www.youtube.com/watch?v=Fb7owaKBMAY&lc=UgyZtzJtKmTJy69dYIp4AaABAg,2025-12-01 05:30:00,"Icici lombard: Very bad company for at least Health insurance. I am a customer since 2015 and only one claim taken in 2024 of rs approx 60000/- as claim amount was less so approved smoothly. This year, I asked to increase base sum assured and inspite of repeated emails and even after complaint to IRDAI (useless body, only spending tax payer money, no control on insurance companies at all, may be mili bhagat), no response by the company even 2 days before due date of renewal (so that, I am not having any chance of negotiating with company and has to accept there monopoly), suddenly got a call from an executive or agent that my base sum assured increment proposal has been approved and I need to fullfill Kyc details with acceptance of declaration (mentioning everything related to medical, that u will see before buying new policy). I said that I will pay hefty premium for increased base sum assured and u need to drop an email stating that my family will be covered till new policy is issued by company as this process will take one week time, but clearly denied, so it is one sided offer not thinking from client perspective.
Everytime, sales person or an agent will threaten you that calls r getting recorded.
Finally, I paid renewal premium as of last year sum assured (not accepted their one",1304,unknown,0,health,Servicing & Policy Admin,Policy Renewal Issue,Agent / Advisor,Misrepresentation / Incomplete Explanation,Betrayal,High,"A long-term ICICI Lombard health insurance customer faced issues during renewal when attempting to increase the sum assured. Despite repeated follow-ups and a complaint to IRDAI, the company did not provide a clear response or confirmation about coverage during the processing period, leading to a one-sided offer and the customer paying the renewal premium at the old sum assured.",4,3,Medium
https://www.youtube.com/watch?v=Fb7owaKBMAY&lc=Ugy-j8osooWuipKamud4AaABAg,2025-03-31 05:30:00,ICICI Lombard elevate ne Room rent (twin sharing) and 10% copayment on out network hospital inbuilt karake bahot badi galati ki hai...3 mahine pahale ye plan me aise condition nahi the...mai ye plan Lena chahat tha..kelin company ne ye 2 condition rakha ke muze disappoint kiya,277,unknown,0,health,Onboarding & Policy Understanding,Policy Feature Change,Unknown,Misrepresentation / Incomplete Explanation,Confusion,Medium,"The user was interested in an ICICI Lombard health plan but was disappointed and felt misled when the company added conditions for room rent (twin sharing) and a 10% copayment on out-of-network hospitals, which were not present in the plan three months prior.",3,2,Medium
https://www.youtube.com/watch?v=Fb7owaKBMAY&lc=UgzGUxZWdt0ZiyNrzlZ4AaABAg,2025-03-31 05:30:00,"This review details my experience with unexpected charges on my ICICI Lombard car insurance policy. While the initial premium for a 200,000 INR IDV (Insured Declared Value) seemed reasonable at 9211 INR, I was surprised and disappointed to learn of an additional 3800 INR charge for a simple RC (Registration Certificate) transfer.

Here's a breakdown of my concerns:

Lack of Transparency: There was no mention of this additional fee during the policy purchase process. This unexpected cost makes budgeting for car insurance difficult.
Questionable Value: The purpose and justification for a 3800 INR charge for an RC transfer seem unclear. It feels excessive for a seemingly administrative task.
This experience has unfortunately tarnished my initial impression of ICICI Lombard. While the initial premium was competitive, these additional charges raise concerns about transparency and value for money.",904,unknown,0,car,Servicing & Policy Admin,Unexpected Charges,Unknown,Process / Documentation Friction,Confusion,Medium,"The user purchased ICICI Lombard car insurance with a specific IDV and premium but was later surprised by an additional charge of 3800 INR for an RC transfer, which was not disclosed during the policy purchase, leading to concerns about transparency and value.",3,2,Medium
https://www.youtube.com/watch?v=VEUz2alSJLM&lc=Ugz2wwVqMlqrKqr2yMd4AaABAg.A6ciKAKbk0QA6hz1AwUCKq,2025-04-05 05:30:00, @tpainsights   ICICI LOMBARD bol rha h hum court me jaaenge lekin jaa Nahi rha h kyunkii jaata to hearing ka date Aata ab tk koi date Nahi aaya vo lokpal ke decision ko deny kar rha h   ab hum Kya kare ye samjh Nahi  aa rha hai,228,unknown,1,unknown,Claims Experience,Claim Dispute,Unknown,Process / Documentation Friction,Resignation,High,"ICICI Lombard is reportedly refusing to go to court regarding a Lokpal decision, and the user is unsure how to proceed as no hearing date has been set, indicating a dispute over a claim outcome.",4,1,Medium
https://www.youtube.com/watch?v=VEUz2alSJLM&lc=UgxZDK7UB0P3HU8XzZp4AaABAg,2025-04-05 05:30:00,"Sir mera 2/5/2024 ko accident hua tha to doctor ne acl surgery ke liye bola hospital walo ne cashless k liye documents bheje to icici Lombard company ne claim reject kr diya sir and maine policy 2 feb 2024 me li thi 
Ab kya kre sir",231,unknown,1,unknown,Claims Experience,Claim Rejection,Claims / TPA,Process / Documentation Friction,Anger,High,"The user had an accident on May 2, 2024, and after a doctor recommended ACL surgery, the hospital submitted documents for cashless claim processing to ICICI Lombard, but the company rejected the claim, despite the policy being purchased on February 2, 2024.",4,2,Medium
https://www.youtube.com/watch?v=PMpzgLl1ksg&lc=Ugx_KEcCRJ5XUUJfwF54AaABAg,2023-04-06 05:30:00,"Don't buy icici Lombard totally waist policy, they have a capping in all your diseases, my Mom was admitted for gallbladder surgery total hospital bill was 3 lakh in Mumbai, but they icici insurance will approved 30 thousand and they simply said limit was exhausted, tell me who can perform surgery under 30 thousand in Mumbai, even I have topup of 20 lakh but they are not using it. 

So simply don't fall in trap of icici Lombard in real time you will suffer a lot",466,"Mumbai, India",0,health,Claims Experience,Claims Processing,Claims / TPA,Misrepresentation / Incomplete Explanation,Betrayal,High,"Event: Gallbladder surgery hospitalization. Process: Filed a claim with ICICI Lombard for a 3 lakh bill. Outcome: ICICI Lombard approved only 30 thousand, stating the limit was exhausted, despite the customer having a 20 lakh top-up policy. The customer feels cheated and warns others.",3,2,Medium
https://www.youtube.com/watch?v=PMpzgLl1ksg&lc=Ugww4wsMNUQ1QHbAMiR4AaABAg,2022-04-06 05:30:00,"Awareness comment -  I am an ICICI privilege customer since 2003. Purchased ICICI Lombard health policy for the last five years without a single rupee claim. They literally put me on my knee to renew my policy - I need to struggle to renew my health policy as I don't want to lose any no-claim bonus. After reaching all the seniors in ICICI Lombard - they renewed my health policy but didn't offer my one lakh no claim bonus. 
Sorry ICICI Lombard you have cheated me - your people who pretend to help me now vanish as I already paid my two years of the health policy premium. I suggest strongly to all new customers - there are other authentic health insurance providers, pls go to them ( do a proper survey) but don't go with this "" Labad"" health service provider.",765,unknown,0,health,Servicing & Policy Admin,Policy Renewal,Agent / Advisor,Process / Documentation Friction,Betrayal,Medium,"Event: Customer sought to renew ICICI Lombard health policy after five years without claims. Process: Faced significant struggle and had to escalate to seniors for renewal to retain no-claim bonus. Outcome: Policy was renewed, but the one lakh no-claim bonus was not offered, leading to feelings of being cheated and regret.",3,2,Medium
https://www.youtube.com/watch?v=n1wHnjnOxB4&lc=UgwQAPAiHvUPt8u6T-B4AaABAg,2025-04-05 05:30:00,"Totally disagree with you,my claim is not settled or partially approved.icici Lombard representative has assured me of the best service but no response after 15 days ,kindly don't buy any insurance policy through ICICI Lombard company.",235,unknown,2,unknown,Claims Experience,Claims Processing,Agent / Advisor,Misrepresentation / Incomplete Explanation,Anger,High,"Event: Customer sought insurance policy through ICICI Lombard. Process: ICICI Lombard representative assured best service. Outcome: Claim is not settled or partially approved, with no response after 15 days, leading the customer to warn others against buying policies through them.",3,2,Medium
https://www.youtube.com/watch?v=n1wHnjnOxB4&lc=Ugz7QOO25ogjtkPRtpZ4AaABAg,2025-04-05 05:30:00,"My case is being processed in an unfair manner. Despite having a zero depreciation policy, I am being asked to pay 25% from my side for the claim to be approved. This is completely unreasonable and makes no sense. kbhi mat lo icici Lombard",239,unknown,0,motor,Claims Experience,Claims Processing,Unknown,Misrepresentation / Incomplete Explanation,Anger,High,"Event: Customer had a car insurance claim. Process: Despite having a zero depreciation policy with ICICI Lombard, the customer was asked to pay 25% of the claim amount for approval. Outcome: The customer finds this unreasonable and warns others not to buy ICICI Lombard policies.",3,2,Medium
https://www.youtube.com/watch?v=pr9E4P1zobo&lc=Ugw_pckFnqPDCEBqnH14AaABAg,2025-11-04 05:30:00,"Icici sabse bekar health insurance h, mujhe high bp left hand pain and swetting ki vajya se max shalimar me admit kiya gaya 3 din admit rahi main health insurance kr sabhi rule follow kiye 2 saal se policy li hui thi 20000 wali, bil 170000 ka aaya saare documents bheje humne icici lombard ko, ek ek correct information bheji, 2 din tak baar baar documents hi maang rahe the and finally payment decline kar di inhone, ab hum cansumar cort me daalenge inka ki fraud kar rahe h ye",478,unknown,0,health,Claims Experience,Claims Processing,Claims / TPA,Process / Documentation Friction,Betrayal,High,"Event: Hospitalization for high BP, left hand pain, and sweating. Process: Followed policy rules for 2 years, submitted a bill of 170000, and sent all documents to ICICI Lombard, who repeatedly asked for documents. Outcome: Payment declined, accused of fraud, planning to go to consumer court.",3,2,Medium
https://www.youtube.com/watch?v=QUi1ODOBu2w&lc=UgwouzFAMXo1rTRfcj14AaABAg,2024-03-31 05:30:00,"Mam ,
ICICI se Maine COVID policy Li thi aur reliance general insurance se father ki COVID positive hone ke baad dono ko report mail kar di thi 2 sal baad reliance general insurance ne Rs 25000/- credit kar diya account me lekin ICiCI Iombard IcMR report submit karne bol Raha Hain jab ki 2020 me aap se download hota tha report . Reliance ne bina ICMR report ke amount Diya par ICICI Lombard nahi de rahe hain amount main to ab kya karein ?",441,unknown,0,health,Claims Experience,Claims Processing,Claims / TPA,Process / Documentation Friction,Confusion,Medium,"Event: Purchased COVID policy from ICICI Lombard and father tested COVID positive. Process: Reported to both ICICI Lombard and Reliance General Insurance. Reliance credited Rs 25000 without ICMR report after 2 years. ICICI Lombard is now asking for an ICMR report which was downloadable in 2020. Outcome: ICICI Lombard is not providing the amount, asking for an ICMR report.",3,2,Medium
https://www.youtube.com/watch?v=ket3NA_BMyI&lc=UgxVEI9FbY6J4mQt1oZ4AaABAg,2026-01-31 05:30:00,This ICICI Lombard is fraud company my newly less then 1month nexon claim not approve since 1week with just small accident with divider and  they just passing day by day for giving new varification officer.....,210,unknown,0,unknown,Claims Experience,Claims Processing,Claims / TPA,Process / Documentation Friction,Anger,High,"Event: A newly purchased Nexon had a small accident less than 1 month after purchase. Process: Filed a claim with ICICI Lombard, which has not been approved for 1 week, with the company repeatedly assigning new verification officers. Outcome: Claim not approved after 1 week due to ongoing verification delays.",4,3,Medium
https://www.youtube.com/watch?v=RRpP6q4hnnE&lc=Ugyuj_VB8QYqf7_bAoV4AaABAg.9dPvSuZdeXq9dPxxkduCaz,2023-03-31 05:30:00, @Techinvented1  icici Lombard company ne mera claim reject kar diya mere dost ka licence hay mere nehi hay Maine claim Kiya lekin mere driving licence nehi hobe ki wage se claim reject ho gaya aab kya kare,206,unknown,0,unknown,Claims Experience,Claim Rejection,Unknown,Process / Documentation Friction,Confusion,Medium,ICICI Lombard company ne mera claim reject kar diya mere dost ka licence hay mere nehi hay Maine claim Kiya lekin mere driving licence nehi hobe ki wage se claim reject ho gaya aab kya kare,2,2,Medium
https://www.youtube.com/watch?v=7LX36CEqvpQ&lc=Ugwv-ykTw4bdavzbhM94AaABAg,2026-03-08 05:30:00,"ICICI LOMBARD SE CAR INSURANCE KIYA THA 27/02/2026 PE KIYA RS 13,332 LIKI INSURANCE SUCCESS NAHI HUWA MERA Dedit Card se paisa ka refund bhi nahi aya sbse ghatiya hai icici lombard insurance company hai",202,unknown,0,car,Claims Experience,Claim Rejection,Digital / App / Website,Process / Documentation Friction,Anger,High,"ICICI LOMBARD SE CAR INSURANCE KIYA THA 27/02/2026 PE KIYA RS 13,332 LIKI INSURANCE SUCCESS NAHI HUWA MERA Dedit Card se paisa ka refund bhi nahi aya sbse ghatiya hai icici lombard insurance company hai",3,3,Medium
https://www.youtube.com/watch?v=7LX36CEqvpQ&lc=Ugyqn1PIKb9Tv7V7IcB4AaABAg,2025-08-08 05:30:00,Icici lombard is a fraud company please don't buy or renew mat karna because they don't settle the claim at all. Don't waste your hard earned money on icici Lombard insurance they don't give insurance claim at all telling from my personal experiance,249,unknown,0,unknown,Claims Experience,Claim Rejection,Unknown,Misrepresentation / Incomplete Explanation,Betrayal,High,Icici lombard is a fraud company please don't buy or renew mat karna because they don't settle the claim at all. Don't waste your hard earned money on icici Lombard insurance they don't give insurance claim at all telling from my personal experiance,2,1,Medium
https://www.youtube.com/watch?v=Udwf52MnKPo&lc=UgyXFpGuMHFEg_200r94AaABAg,2025-10-01 05:30:00,ICICI Lombard Ka bhi Koi bhi Insurance claim mat karvana mat lena kyunki yah bahut bada fek company hai yah 15 se 20 din Ka time lete hain aur last ke time mein jakar claim ko koi reason Bata Kar reject kar deta hai,215,unknown,0,unknown,Claims Experience,Claim Rejection,Unknown,Misrepresentation / Incomplete Explanation,Anger,High,ICICI Lombard Ka bhi Koi bhi Insurance claim mat karvana mat lena kyunki yah bahut bada fek company hai yah 15 se 20 din Ka time lete hain aur last ke time mein jakar claim ko koi reason Bata Kar reject kar deta hai,2,1,Medium
https://www.youtube.com/watch?v=fAfNyMfNnLw&lc=Ugzf1O9KYvZFkzjaiUV4AaABAg,2024-04-05 05:30:00,Sir Mari New gandi ka insurance tah ICICI Lombard ka new gadi sirf ek month hai lealy ta to gadi ka axcdant ho gaya palhe to increase company na mana Kiya insurance Dane ke lealy bad may may cungumar court me cas dal tub 2 sal ki bad court ne nikal meri taraf se Diya usk bad insurance company na 50% payment Kiya baki 50% company nahin day raha hai isko abhi 4 sal hone wala hai vakeel ko punchta hu to 2 sal se yehi bol Raha hai ho jagaya*--* sir gadi ko leaki 30 din hi huwa tha * Aur Hum Fouj me hone ke karan jada bhag daud nahi kair pa rahe 1 month chutti multi hai to vakaal kal aana parso aana khate hai sir may kay karu batao sir please,645,unknown,0,car,Claims Experience,Partial Claim Settlement,Unknown,Process / Documentation Friction,Resignation,High,Sir Mari New gandi ka insurance tah ICICI Lombard ka new gadi sirf ek month hai lealy ta to gadi ka axcdant ho gaya palhe to increase company na mana Kiya insurance Dane ke lealy bad may may cungumar court me cas dal tub 2 sal ki bad court ne nikal meri taraf se Diya usk bad insurance company na 50% payment Kiya baki 50% company nahin day raha hai isko abhi 4 sal hone wala hai vakeel ko punchta hu to 2 sal se yehi bol Raha hai ho jagaya*--* sir gadi ko leaki 30 din hi huwa tha * Aur Hum Fouj me hone ke karan jada bhag daud nahi kair pa rahe 1 month chutti multi hai to vakaal kal aana parso aana khate hai sir may kay karu batao sir please,2,1,Medium
https://www.youtube.com/watch?v=LhzUuKUItnA&lc=UgyJubQootQkRaB4vB54AaABAg,2025-10-01 05:30:00,Please Bhai Log Koi Bhi ICICI Lombard ki Health Insurance policy sapne mein bhi mat lena Maine Policy liyi thi Cashless claim File Kiya Tha toh Unhone 1 hi Documents Baar Baar Query lagatar Query Dali Aur Sab Answer Dene par Unhone Hospitalization Not Necessary aise bolke Claim Reject Kar diya Fraud Company hai,312,unknown,0,health,Claims Experience,Claim Rejection,Claims / TPA,Process / Documentation Friction,Betrayal,High,Please Bhai Log Koi Bhi ICICI Lombard ki Health Insurance policy sapne mein bhi mat lena Maine Policy liyi thi Cashless claim File Kiya Tha toh Unhone 1 hi Documents Baar Baar Query lagatar Query Dali Aur Sab Answer Dene par Unhone Hospitalization Not Necessary aise bolke Claim Reject Kar diya Fraud Company hai,3,2,Medium
https://www.youtube.com/watch?v=Q98V9yeGEbA&lc=Ugwm2TuZfDSMjZd2iqN4AaABAg,2022-04-05 05:30:00,Hello sir mere big brother ki death ho gai  on the way achanak se ji ghabraya or hospital le jate wakt death ho gaya unka jivan shurksa bima icici Lombard me he kya unke parivar ko pesa milega unhone truck liya huva tha emi par kya unka truck free ho jayega 5/04/2021plz sir reply jarur dena unke 2 chhote chhote bache he,321,unknown,1,life,Claims Experience,Claim Inquiry,Unknown,Unknown,Confusion,Medium,Hello sir mere big brother ki death ho gai on the way achanak se ji ghabraya or hospital le jate wakt death ho gaya unka jivan shurksa bima icici Lombard me he kya unke parivar ko pesa milega unhone truck liya huva tha emi par kya unka truck free ho jayega 5/04/2021plz sir reply jarur dena unke 2 chhote chhote bache he,3,3,Medium
https://www.youtube.com/watch?v=Tk4kD3ZjE2c&lc=UgyM1xczqyo-vxqfxrh4AaABAg,2020-03-31 05:30:00,"MOT09441293 for serveyvar not approving front loss, only approving back loss, wherein both side damaged at a time, serveyvar is not understanding and asking me to show video proof which how can i?, This showing how bad and unprofessional work ethics of ICICI Lombard and how they are cheating the people's, people has to stay away from ICICI Lombard this is the second time I'm facing issues with ICICI Lombard, the dealer given me without any information otherwise I will never ever had this.",493,unknown,1,unknown,Claims Experience,Claims Processing,Claims / TPA,Process / Documentation Friction,Anger,High,"Event: Vehicle damage (front and back loss). Process: Surveyor not approving front loss, asking for video proof. Outcome: Surveyor not understanding, perceived as unprofessional and cheating.",3,2,Medium
https://www.youtube.com/watch?v=dwFnOPCV2VA&lc=UgyGrtiZXmJmvwgwV0p4AaABAg,2026-01-05 05:30:00,"I had a horrible experience with ICICI Lombard, I had a zero depreciation cover with them and my bike was affected by flood. They put all the parts under consumables (including stuff like piston rings, gears, etc) and paid only 20% of the total bill",249,unknown,5,motor,Claims Experience,Claims Settlement,Claims / TPA,Misrepresentation / Incomplete Explanation,Betrayal,High,"Event: Bike affected by flood with zero depreciation cover. Process: Insurer classified all parts, including essential engine components, under consumables. Outcome: Paid only 20% of the total bill, leading to a horrible experience.",3,2,Medium
https://www.youtube.com/watch?v=dwFnOPCV2VA&lc=UgyL_Y_XSNV7KqlRx1Z4AaABAg,2025-09-05 05:30:00,"ICICI Lombard especially for cars is not recommendable. I had a very bad experience with ICICI Lombard, despite having very first claim in 5 years which covers end to end add-ons from zero dep to engine protect. And when it came for claim settlement, they offered a partial claim where the damage was of same incident.",318,unknown,16,motor,Claims Experience,Claims Settlement,Claims / TPA,Misrepresentation / Incomplete Explanation,Anger,High,"Event: First claim in 5 years for a car with comprehensive add-ons (zero dep, engine protect) after damage from the same incident. Process: Insurer offered a partial claim settlement. Outcome: Partial claim offered despite damage from a single incident, leading to a very bad experience.",3,2,Medium
https://www.youtube.com/watch?v=dwFnOPCV2VA&lc=UgwfcUBw0mjSeRqw6at4AaABAg,2025-08-05 05:30:00,"sorry!!You again took the worst ma'am.
Icici lombard worst services.
was following up for claim 7 days, the engine parts were around 21k which was very less against my value and love towards my car, so i took it at home.
but icici lombard giving me msg daily morning without fail- Estimate Pending:Dear MAYANKTRIVEDI, We're constantly in touch with the garage to secure the repair estimate for your claim number ×××××.  Once we receive it, we will swiftly proceed with your claim. Thank you for your patience. Team ICICI Lombard.
😂😂😂
The lord mr surveyor said- After 7 days of follow up that- i am not able to understand how exactly this damage has happened to your vehicle.",674,unknown,0,motor,Claims Experience,Claims Processing,Claims / TPA,Process / Documentation Friction,Anger,High,"Event: Claim for engine parts (21k value). Process: Following up for 7 days, surveyor unable to understand damage after follow-up. Outcome: Surveyor stated inability to understand damage, while ICICI Lombard sent daily pending estimate messages, leading to frustration and taking the car home.",4,3,Medium
https://www.youtube.com/watch?v=UjBCpiruozg&lc=Ugxy33mH4eFP_xXt6kR4AaABAg,2025-03-31 05:30:00,"Sir mera hospitalisation aur discharge dono ho chuka hai, but maine tpa ko inform nahi kiya, us case mein can i still proceed with claim, ke intimate karna jaroori hai, mera  bhi corporate health insurance  hai icici lombard ka",227,unknown,2,health,Claims Experience,Claims Filing,Claims / TPA,Process / Documentation Friction,Confusion,Medium,"Hospitalization and discharge completed, but TPA was not informed. Customer is asking if they can still proceed with the claim with ICICI Lombard corporate health insurance, as informing the TPA is mandatory.",3,2,Low
https://www.youtube.com/watch?v=W1rD98xlKN8&lc=Ugxce4URfevVt1Go6NV4AaABAg,2025-03-31 05:30:00,"Maine ye plan apne parents k liye apply kiya tha phir baad me cancel kr diya.

Mujhe bola gya extra 10160 dene honge kyunki mere parents ko hypertension issue hai. Jbki maine inka Waiting period, or recommended ad-ons liya hua tha.... 
ICICI Lombard, Bewakoof bna rha.

Mt lena.... Fass jaoge",292,unknown,0,health,Early Regret / Exit Intent,Policy Purchase,Unknown,Misrepresentation / Incomplete Explanation,Betrayal,High,"Customer applied for a plan for parents, then cancelled it. Was told to pay an extra 10160 due to parents having hypertension, despite having the waiting period and recommended add-ons. Customer feels ICICI Lombard misled them and advises against buying.",4,2,Medium
https://www.youtube.com/watch?v=eBD8oBGq7Rk&lc=UgwXD6G5_5XtlraU7ON4AaABAg.9C3PdFAeoAz9C3jOvRVoi6,2021-03-31 05:30:00, @sushmakumari8901  thanks for reply. But i have seen ICICI Lombard brochures they have sub limits in that on all surgeries. (Brochures page no 9) please clear this doubt then i ll think about taking this policy. Thankyou.,222,unknown,1,health,Onboarding & Policy Understanding,Policy Purchase,Digital / App / Website,Misrepresentation / Incomplete Explanation,Confusion,Medium,Customer has seen ICICI Lombard brochures indicating sub-limits on all surgeries (page 9) and is asking for clarification before considering policy purchase.,3,3,Medium
https://www.youtube.com/watch?v=yilsS11fiIM&lc=UgxIFCvPJSo8adXWPRx4AaABAg,2025-04-08 05:30:00,"Icici lombard ne aaj mere sath b scam kr diya, meri bike service center me khadi h  1 week se, mere pass zero depth insurance b hai phr b mjhe claim dene se mana kr diya ye bol kar ye aapka 3rd party insurance expire ho gya h, jab already zero depth insurance hai to 3rd party insurance se matlab kya hai ,

Sirf inhe chori krna aati h , hum log ki jeb kaat rhe h, policy dete time sab under claim hota h , aur  claim lete time claim dene se mana krdenge",454,unknown,2,unknown,Claims Experience,Claims Rejection,Agent / Advisor,Process / Documentation Friction,Anger,High,"Event: Bike damage. Process: Filed a zero-depth insurance claim with ICICI Lombard. Outcome: Claim rejected stating third-party insurance expired, despite having zero-depth insurance.",3,2,Medium
https://www.youtube.com/watch?v=yilsS11fiIM&lc=UgyJh5zO8gth0nf80i14AaABAg,2024-04-08 05:30:00,"Fraud insurance company h icici Lombard
मेरी अपाचे का शॉकर टूट गया गड्ढे में गिरने से
yhi same kahaani sunane lge
2 mahine baad claim approval diya 
Wo bhi consumer court jane ko bola hmne tb approval diya .
Wo bhi 25% payment krna pda..",237,unknown,2,unknown,Claims Experience,Claims Delay & Partial Approval,Unknown,Process / Documentation Friction,Anger,High,"Event: Bike shocker broke due to pothole. Process: Filed a claim with ICICI Lombard, faced a 2-month delay, and was told to go to consumer court. Outcome: Claim approved after 2 months with a 25% out-of-pocket payment.",3,2,Medium
https://www.youtube.com/watch?v=yilsS11fiIM&lc=Ugy-QVm9fqtILtpCrER4AaABAg,2024-04-08 05:30:00,Bhai maine bhi icici lombard policy liya hu mera accident hua hai meri bhi bike 2 mahine se service centre me hai but policy waale natak kare hai ab mujhe bolre hai k mera normal policy hai zb policy nahi hai 50% claim hoga plzz help me bro main kya karu mera tvs rtr 200 bike hai,280,unknown,2,unknown,Claims Experience,Claims Misclassification,Unknown,Misrepresentation / Incomplete Explanation,Confusion,Medium,"Event: Bike accident. Process: Filed a claim with ICICI Lombard, which is taking 2 months to resolve. Outcome: ICICI Lombard claims it's a normal policy and only 50% claim will be paid, not a ZB policy.",3,2,Medium
https://www.youtube.com/watch?v=OkNLO07AiiU&lc=UgxdJ4CV7U3dskbWyCt4AaABAg,2020-03-31 05:30:00,Main ne agent ko diya paysa us ne Insurance kiya pr chechis no or name bhi sahi nhi dikha raha 2 din ho gya kyse sudhrega khane pr kahta hai ab cancel nhi hoga koi sujhao de 31 august ko expare ho raha tha kya kru icici lobard ka hi hai,236,unknown,0,unknown,Onboarding & Policy Understanding,Policy Issuance Issue,Agent / Advisor,Misrepresentation / Incomplete Explanation,Confusion,Medium,"Event: Paid an agent for ICICI Lombard insurance. Process: The agent provided incorrect cheque details (cheque number and name). Outcome: The policy details are not showing correctly, and the agent says it cannot be cancelled, with the policy expiring on August 31st.",3,2,Medium
https://www.youtube.com/watch?v=XA-JpfSBgE0&lc=UgzydK_dR_gPp5vgF1h4AaABAg,2025-04-05 05:30:00,Bhot bekar he icici lombard pichle saal renew krate time insurance le liye icici ka aur kismat kharab ki car ke samne kutta a gya icici ne sirf bumper replacmenet approval kiya aur fender bhi damage tha uska nhi diya fir 1 mahine bad ek car se accident ho gya jisme LH headlight bumper bonnet aur LH fender damage tha icici ne sirf bonnet ka replacement diya aur fender ka repair baki bumper aur headlight ka repair diya jabki fata hua bumper tha aur dono ke sare clips bhi tute the kahan se repair hoga 20k-25k apne se dena pada bhot raddi company he.,552,unknown,0,unknown,Claims Experience,Partial Claim Approval,Unknown,Process / Documentation Friction,Anger,High,"Event: Car accident involving a dog and a subsequent accident with another car. Process: Filed a claim with ICICI Lombard for bumper, fender, headlight, and bonnet damage. Outcome: ICICI Lombard only approved bumper replacement initially, then only bonnet replacement in the second accident, leaving the user to pay 20k-25k for other damages.",3,2,Medium
https://www.youtube.com/watch?v=XA-JpfSBgE0&lc=UgwBUL4iLkt6ZcpPg8t4AaABAg,2024-04-05 05:30:00,"Sbse jyaada bekar company hai moter claim kiya tha mera privet vehical hai
Last 2 other insurance company  ne claim diya hai
But icic lombard ne mera claim 5 oct 2023 ko ye kahkar reject kar diya ki aapki car rante par chalti hai",229,unknown,0,unknown,Claims Experience,Claims Rejection,Unknown,Process / Documentation Friction,Anger,High,"Event: Motor claim filed for a private vehicle. Process: ICICI Lombard rejected the claim on October 5, 2023. Outcome: Claim rejected with the reason that the car is used for rent, despite previous claims being approved by other companies.",3,2,Medium
https://www.youtube.com/watch?v=ve6sHV2BCM8&lc=UgwYNRd8jFKIUe6fdy94AaABAg,2025-08-31 05:30:00,"icici Health policy... Maine bhi liya hai. Lekin iss company ka service bahut hi kharab hai. Maine HDFC ergo optima secure se Icici Lombard elevate plan main port Kia tha. Ye company mara port details  update nahi kia. Main abhi 3 rd year ka premium bhi de Chuka hu, matlab 3years chal Raha hai abhi. Recently mare wife ka ek operation huwa, apply karne ke bad bhi mujhe cashless nahi mila. Maine khud bill pay Kia hospital main. Reason pucha to bola Mera port detail update nahi kia tha icici Lombard ne. Main 1000 bar customer care pH. Kia kise ke pass koyi solution nahi. Details kyu update nahi kia bata nahi sakta woh log. Ye kiski galti hai. Aap loghi batao. Abhi mujhe bol rahe hai Reimbursement ke liye apply Karo. Maine Kia. Abhi Tak koyi solution nahi. Kal ek form diya couter offer ke liye... waha likha hai Mujhe Elevate plan se health sheild product main Jana hoga. Mujhe 4000/ ka discount milega Jo main esh saal ka premium diya ush main. but reimbursement  amount milega ya nahi woh nahi likha. Form main sigh karne ke liya kaha gaya. Agar main 10 days ke andar sign nahi karunga toh likha hai Mera pura ish saal premium wapah karega aur Jo main policy liya woh terminate ho jayega. Ye froud company hai... Inka customer care service worst se worst hai. Inka kisi bhi bat ka koyi bharosa nahi hai. Main aap logo ko suggest kar Raha hu ICICI health policy kabhi mat lena.",1385,unknown,0,health,Claims Experience,Claims Experience,Unknown,Process / Documentation Friction,Anger,High,"Customer ported from HDFC Ergo to ICICI Lombard health policy. Despite being in the 3rd year and paying premiums, ICICI Lombard failed to update porting details. When the wife had an operation, cashless facility was denied, forcing the customer to pay out-of-pocket. Customer care provided no solution. Later, offered a switch to a different plan with a discount but no clarity on reimbursement, with a threat of policy termination if not signed within 10 days. Customer labels the company as fraudulent with worst customer service.",3,2,Medium
https://www.youtube.com/watch?v=kIOnjyHhALQ&lc=Ugyje6v1uaxXcEwtJ3N4AaABAg,2024-04-05 05:30:00,"Bro i have one question, meri activa ka accident hua ek cow k sath, insurance ko 3years 1 month hue the jb mene repair centre pr submit ki apni activa, 
Policy 5 years ki h icici Lombard ki, 
Ab muje call aa rha h ki muje sirf 45% claim milega, 
Kya mai unko bol k claim% badhwa skta hu near about 60%  tk? 
Plz reply",317,unknown,2,motor,Claims Experience,Claims Experience,Unknown,Process / Documentation Friction,Confusion,Medium,"Customer's Activa had an accident with a cow, 3 years and 1 month after policy purchase (5-year ICICI Lombard policy). Repair center is stating only 45% claim will be received and customer is asking if they can negotiate to increase it to 60%.",3,3,Medium
https://www.youtube.com/watch?v=kIOnjyHhALQ&lc=Ugzv_QJYM3l8uq0jFKV4AaABAg,2023-04-05 05:30:00,"Sir mera Activa 5g ka  hae std model 
Sir mera silencer Tut gya accudnet ki vajah sae plzz 
Bataiyae ki mujhe ossae repair karwnae kae liyae phlae pay karna padega parts ka cost or oska labour charge 
Ici Lombard 

Plz reply",224,unknown,0,motor,Claims Experience,Claims Experience,Unknown,Process / Documentation Friction,Confusion,Low,Customer's Activa silencer broke due to an accident and they are asking ICICI Lombard if they need to pay for the repair parts and labor charge upfront.,3,4,Low
https://www.youtube.com/watch?v=5umE3I0Fs8I&lc=Ugzkps_A0TqxVeVcDKJ4AaABAg,2025-04-05 05:30:00,मेरा हेल्थ इंश्योरेंस है icici lombard मैं उसका प्रीमियम बहुत महंगा होगया है इसके कारण मैं पोर्ट करवाना चाहता हो और मुझे knee रिप्लेसमेंट हुआ है हर्निया का ऑपरेशन हुआ और स्टोन का भी कल मुझे क्लेम मिलेगा या नहीं कि दिक्कत करेगा ?,228,unknown,0,health,Servicing & Policy Admin,Servicing & Policy Admin,Unknown,Product Design or Complexity,Confusion,Medium,"Customer has an ICICI Lombard health insurance policy with a premium that has become very expensive. They wish to port the policy and are concerned if upcoming claims for knee replacement, hernia operation, and stone will be covered or cause issues.",2,2,Low
https://www.youtube.com/watch?v=bmqOMpoDEh0&lc=UgwW_pV3Kp-ixhKnta54AaABAg,2026-01-31 05:30:00,"Very bad experience  at the time of discharge from Hospital 
Icici lombard 

Extremely disappointed with ICICI Lombard. Patient ready for discharge but waiting for hours due to internal claim delays. Causing unnecessary mental stress to family.
Don’t buy policy from ICICI",272,unknown,0,health,Claims Experience,Claims Experience,Unknown,Process / Documentation Friction,Anger,High,"Customer experienced significant delays at the hospital during discharge due to internal claim processing issues with ICICI Lombard, causing mental stress.",3,3,Medium
https://www.youtube.com/watch?v=Val3TYHy2DE&lc=Ugxnh5mFzyLRDPfqghN4AaABAg,2024-04-06 05:30:00,Maam bada confusion hai .. mujhe lomabard agent ka call aaya tha.. he insisted to take advantage plan. They told health 365 have capping and not given claim. Also anytime bank can close this polich. Please guide .. i see premium is just double in case of advantage plan.,270,unknown,1,health,Onboarding & Policy Understanding,Sales Pressure or Coercion,Agent / Advisor,Misrepresentation / Incomplete Explanation,Confusion,Medium,"A Lombard agent insisted on taking an 'advantage plan', claiming the 'health 365' plan had capping and wouldn't provide claims, and that the bank could close the policy anytime. The user is confused as the premium for the advantage plan is double.",3,2,Medium
https://www.youtube.com/watch?v=zG01BhOTvto&lc=UgyBl08R0X-6Ib1IVaN4AaABAg,2025-03-31 05:30:00,"Yaha apne jo 24 month ka waiting period bataya h ICICI LOMBARD KA wo galat bataya h ..ICOCI LOMBARD all critical treatments liks heart attack,kisi v tarah ka transplant wo sb after 30 days cover krta h ELEVATE me .😊",215,unknown,3,health,Servicing & Policy Admin,Misrepresentation / Incomplete Explanation,Unknown,Misrepresentation / Incomplete Explanation,Confusion,Low,"The user states that ICICI Lombard's 24-month waiting period for critical treatments like heart attack and transplants is incorrect, claiming the 'Elevate' plan covers them after 30 days.",3,3,Medium
https://www.youtube.com/watch?v=UB7_Ds5iV7g&lc=UgyPFHyTLhNn1eTwXUJ4AaABAg,2025-12-31 05:30:00,ICICI Lombard mat Lena bhai accident hone k baad main ne showroom me claim k liye diya 10 din bad Jake reject Kardiya reason ye bataya k pahle se dent the accident me nahi hua Waise main 2022 se same insurance renewal karwara ho fir bhi reject kiya accident me agar kisi jaan bhi jaye ye Lok ko farak nahi padta scam hai sab,324,unknown,0,motor,Claims Experience,Claims Processing / Documentation Friction,Claims / TPA,Process / Documentation Friction,Anger,High,"After an accident, the user filed a claim with ICICI Lombard, which was rejected after 10 days with the reason that pre-existing dents were present, not caused by the accident. The user has been renewing the same insurance since 2022 and feels it's a scam.",2,1,Medium
https://www.youtube.com/watch?v=WChUfz0lgfI&lc=UgwwD5YRxNdK5zj5IRB4AaABAg,2026-02-05 05:30:00,Sir meri phle new india se policy thi jisme ek claim aya tha ... But next year mene Lombard se policy li..but mention nahi kr paya last claim aur 20% ncb le li... Abhi wo meri pura claim reject kr rhe hain..pls help me sir ..me bahut preshan hu,244,unknown,1,motor,Claims Experience,Misrepresentation / Incomplete Explanation,Agent / Advisor,Misrepresentation / Incomplete Explanation,Confusion,High,"The user switched from New India to Lombard and did not mention a previous claim, incorrectly taking 20% NCB. Now, Lombard is rejecting their entire claim due to this. The user is seeking help as they are very distressed.",3,2,Medium
https://www.youtube.com/watch?v=WChUfz0lgfI&lc=UgzCHQiaG3AVf0tX6YV4AaABAg,2025-04-05 05:30:00,"Sir Mene ICICI Lombard ka car insurance policy bazar se liya tha, Mera NCB 20% hona chahiye tha vo mene 50% galati se liya ab meri car ka claim wrong NCB k karan reject hua hai. Policy bazar mujhe NCB correct kr k de rahi hai but vo sure nahi hai k jo reject hua claim ICICI Lombard de degi.. ese me kya karna chahiye koi solution hai to batao sir. Car abhi bhi Garage me khadi hai koi kam nahi kiya hai abhi tak..",414,unknown,0,motor,Claims Experience,Misrepresentation / Incomplete Explanation,Digital / App / Website,Misrepresentation / Incomplete Explanation,Confusion,High,"The user mistakenly took 50% NCB from PolicyBazaar for their ICICI Lombard car insurance instead of the correct 20%. Their claim was rejected due to the wrong NCB. PolicyBazaar is correcting the NCB, but the user is unsure if ICICI Lombard will approve the rejected claim and their car is still in the garage.",3,2,Medium
https://www.youtube.com/watch?v=WChUfz0lgfI&lc=UgwJDdjDgZgoKSpHli94AaABAg,2025-04-05 05:30:00,Bhai meri sister ke husbend expire ho gye h aor unka aadahar card me Nam nhi update hai Ar claim me galat date of birth bhari hui h. Iccci lombard bol rhi h ki tum prove kro ki unki biwi thi. To Kya kr sakte h,209,unknown,2,life,Claims Experience,Process / Documentation Friction,Claims / TPA,Process / Documentation Friction,Confusion,High,"The user's sister's husband passed away, but his Aadhaar card has an incorrect name, and the claim form has a wrong date of birth. ICICI Lombard is asking the user to prove she was his wife, and she is asking for guidance on what to do.",2,1,Medium
https://www.youtube.com/watch?v=WChUfz0lgfI&lc=Ugy2Xsv6OJkuWomPaKN4AaABAg,2024-04-05 05:30:00,"Dear sir
I currently hold ICICI Lombard motor vehicle policy I faced NCB relative problem.  Due to some confusion I mentioned 35% NCB in insurance apply form but company said according to last policy it should be 25%. 
Due to this reason insurance company denied to provide me claim and insurance company not given me any written notice about rejection of my insurance.
what can I do please reply🙏",397,unknown,1,motor,Claims Experience,Misrepresentation / Incomplete Explanation,Unknown,Misrepresentation / Incomplete Explanation,Confusion,Medium,"The user holds an ICICI Lombard motor policy and incorrectly mentioned 35% NCB in the application, while the company states it should be 25% based on the last policy. Due to this, the insurance company denied the claim without providing a written rejection notice. The user is asking for advice on what to do.",3,2,Medium
https://www.youtube.com/watch?v=WChUfz0lgfI&lc=Ugz_Uo92EwGChKhH0EV4AaABAg,2024-04-05 05:30:00,Bhai mene apni car claim ki thi icici lombard me … documents me maine apna DL dia tha lekin glti ye huii ki jb verification call aayi to maine glti se bol dia bhai gaadi chala rha tha … ab kya kruuuu .. ab wo bol rhe ki reject ho jaayegii,238,unknown,1,car,Claims Experience,Claims Processing,Unknown,Process / Documentation Friction,Confusion,Medium,"Event: Car accident. Process: Filed a claim with ICICI Lombard, provided DL as document, admitted to driving during verification call. Outcome: Claim expected to be rejected due to admission.",2,1,Low
https://www.youtube.com/watch?v=xCkCGGsZgWs&lc=Ugw6tNwISoxJaooSpr54AaABAg,2025-10-31 05:30:00,"Mere sath icici Lombard company ne isse bhi badha fraud Kiya h . 
Ye company bas premium lene k liye h . Kyunki jab loss Hota h tab ye hath khadhe Kar lete h . Or rozz nayi kahani banaker consumer ko itna pareshaan Kar lete h . Ki wohh haar jaye formalities Puri karte karte",274,unknown,2,unknown,Claims Experience,Claim Denial,Unknown,Process / Documentation Friction,Betrayal,High,"Event: Customer experienced a loss. Process: Filed a claim with ICICI Lombard, but the company allegedly makes excuses and causes distress during the claims process. Outcome: Claim was not settled, customer feels harassed and defeated.",2,1,Medium
https://www.youtube.com/watch?v=HVYY0HwV7IA&lc=UgyZEokfFj6PwvT_bd54AaABAg,2024-03-31 05:30:00,meri ola s1 ka accident huwa tha accident ke baad maine ola mein intimate kiya aur uske baad surgery thi meri mujhe pata nahi tha time limit ke baare mein within a month mujhe pata chala icici lombard mein contact karna padega mujhe ola walo ne mujhe bataya hi nahi fir icici lombard mein claim raise kiya waha se surveyor ne inspection kiya claim approved bhi ho gaya lekin gaadi band jaane ke baad surveyor bola 75% hi milega maine bola usko kyu zero dept mein 100% milta hai fir usne ka maine late intimate kiya icici lombard ko uska proper proof do kyu late huwa mein 100 % claim de duga maine doctor ka certificate dikhaya usko fir usne kaha ab mere paas proof hai surgery ke baad intimate kar sakte ho abhi kuch nahi milega 0 % pura 6000 rs maine apne bank account se pay kiya fir maine 75% bhi nahi diya fir again gaadi band jaane ke baad meri gaadi parking mein thi toh koi touch karke gira ke gaya body mein dents aa gaye right aur left side maine turant intimate kiya aur 9 hazar ka bill aaya abhi approval sirf left side mein diya hai jaha kam damage hai right side damage ka approval nahi de rahe keh rahe hai parking mein gira toh ek side hi gira hoga maine kaha kisi ne pehle left side se thoka hoga tabhi right side gaadi giri hai na bole nahi sirf one side milega dusre side ka claim nahi milega tanashahi hai abhi kuch bolo toh bol dega yeh bhi milega jaa ke case karo consumer court mein pehle bhi aisa bol chuka hai aur koi sunne wala bhi nahi customer care wale bolte hai claim paas hoga ya nahi surveyor decide karega aur surveyor koi na koi loop hole nikal ke bekaar ke bahane batake claim reject hi kar deta hai hamesha,1642,unknown,0,car,Claims Experience,Claim Denial,Claims / TPA,Process / Documentation Friction,Anger,High,"Event: Ola S1 scooter accident. Process: Intimated Ola, then had surgery, later learned about ICICI Lombard claim time limit. Claim approved initially, but surveyor offered only 75% due to late intimation, then denied 100% even after proof of surgery. Later, new dents occurred in parking, claim for one side denied citing it fell on one side. Outcome: Claim denied for multiple damages, customer feels treated with 'dictatorship' and told to go to consumer court.",2,1,Medium
https://www.youtube.com/watch?v=zz_AWS0ntK8&lc=UgzGnh5qAJHwOS_s-ch4AaABAg,2025-04-05 05:30:00,Aaj hi ICICI Lombard ka cashless claim me admit hua hun. Pre Authorization me 50% hi approval aya hei agr kl discharge ke time srf 70-80% hi approved hua toh kya final approval form me jo baki amount approve nhi hua hoga uska reason likha hoga ya nhi. Hospital ne 12K ke test kiye hein admit krne se pehle kya woh cashless claim me daal skta hun ya pre hospitalization me daalne pdege. Mene private lab se bi test krwaya tha parso alg clinic ke doctor ko dikha kr toh kya woh bi pre hospitalization me daal skta hun. Please sbi ki clarification dena.,550,unknown,3,health,Claims Experience,Claims Experience,Claims / TPA,Process / Documentation Friction,Confusion,Medium,Aaj hi ICICI Lombard ka cashless claim me admit hua hun. Pre Authorization me 50% hi approval aya hei agr kl discharge ke time srf 70-80% hi approved hua toh kya final approval form me jo baki amount approve nhi hua hoga uska reason likha hoga ya nhi. Hospital ne 12K ke test kiye hein admit krne se pehle kya woh cashless claim me daal skta hun ya pre hospitalization me daalne pdege. Mene private lab se bi test krwaya tha parso alg clinic ke doctor ko dikha kr toh kya woh bi pre hospitalization me daal skta hun. Please sbi ki clarification dena.,3,3,Medium
https://www.youtube.com/watch?v=THThOmzcpMI&lc=Ugy6ef6-BiEQvvFclAl4AaABAg.AFu9wY4xW2jAG8CkOe6b2P,2025-04-05 05:30:00,"Is ak karan ke liya koi bhi SAHI(Stand Alone Health Insurance) company se Health insurance nahi lena chahiya(Care, niva, star, manipal).General Insurance campany se hi Health insurance lena chahiya right now. Mane apna insurance ICICI Lombard me kiya hai, 4 bar claim le chuka hu ajtak akbhi claim nahi ruka and the best thing is that everywhere cashless hai......claim settlement Ratio 99.97% hai much batter than SAHI company",427,unknown,1,health,Claims Experience,Claims Experience,Unknown,Unknown,Unknown,Low,"Is ak karan ke liya koi bhi SAHI(Stand Alone Health Insurance) company se Health insurance nahi lena chahiya(Care, niva, star, manipal).General Insurance campany se hi Health insurance lena chahiya right now. Mane apna insurance ICICI Lombard me kiya hai, 4 bar claim le chuka hu ajtak akbhi claim nahi ruka and the best thing is that everywhere cashless hai......claim settlement Ratio 99.97% hai much batter than SAHI company",1,1,Medium
https://www.youtube.com/watch?v=THThOmzcpMI&lc=UgxLkqPGuH_ZK10LC1R4AaABAg,2025-04-05 05:30:00,"Bro 3 baar port kiya hoon claim related issues ke liye aur finally ICICI Lombard mein hoon. Mehenga hai lekin 2 baar claim kiya aur koi takleef nahi hui, infact mera 2nd claim toh tie-up hospital mein bhi nahi tha phir bhi cashless kar diya unhone.",248,unknown,3,health,Claims Experience,Claims Experience,Unknown,Unknown,Unknown,Low,"Bro 3 baar port kiya hoon claim related issues ke liye aur finally ICICI Lombard mein hoon. Mehenga hai lekin 2 baar claim kiya aur koi takleef nahi hui, infact mera 2nd claim toh tie-up hospital mein bhi nahi tha phir bhi cashless kar diya unhone.",2,2,Medium
https://www.youtube.com/watch?v=THThOmzcpMI&lc=Ugzdazgo9PGjjAtc0-p4AaABAg,2025-04-05 05:30:00,I was also admitted in other hospital which was not listed in cashless facility but I got all the documents and I uploaded in ICICI Lombard app within 15-17 days I got my claim passed. Overall mera experience sahi raha,218,unknown,0,health,Claims Experience,Claims Experience,Digital / App / Website,Unknown,Unknown,Low,I was also admitted in other hospital which was not listed in cashless facility but I got all the documents and I uploaded in ICICI Lombard app within 15-17 days I got my claim passed. Overall mera experience sahi raha,3,3,Medium
https://www.youtube.com/watch?v=THThOmzcpMI&lc=UgxEJY3GXDI89cUPmqp4AaABAg,2025-04-05 05:30:00,Mere pass icici lombard ka insurance tha or meri Kidney damage ho gai but tab meh Dubai meh job krta tha or mujhe udher apni first dyalsis krvai or jab meh after two week resign or visa cancel krva kr aya tab insurance meh mere dyalsis or kidney treatment isley cancel kiya ki meri first dyalsis and test india se krvana chaiye tha,331,unknown,0,health,Claims Experience,Claims Experience,Unknown,Misrepresentation / Incomplete Explanation,Betrayal,High,Mere pass icici lombard ka insurance tha or meri Kidney damage ho gai but tab meh Dubai meh job krta tha or mujhe udher apni first dyalsis krvai or jab meh after two week resign or visa cancel krva kr aya tab insurance meh mere dyalsis or kidney treatment isley cancel kiya ki meri first dyalsis and test india se krvana chaiye tha,1,1,Medium
https://www.youtube.com/watch?v=THThOmzcpMI&lc=UgxaMigPGS5Y83Bpnyl4AaABAg,2025-04-05 05:30:00,"I have mediclaim through my company which is ICICI Lombard.. recently I got diagnosed with kidney stone operation and hospital was on list of mediclaim so it got approved easily in cashless process..I was too afraid what if doctor will do unnecessary operation to get mediclaim money...gharwale bhi dant rahe the kyoki decision operation ka gharwalo se discuss nahi kiya tha...
Private hospitals or doctor par trust karna bahot hard hai aaj kal.",445,unknown,0,health,Claims Experience,Claims Experience,Unknown,Unknown,Confusion,Medium,I have mediclaim through my company which is ICICI Lombard.. recently I got diagnosed with kidney stone operation and hospital was on list of mediclaim so it got approved easily in cashless process..I was too afraid what if doctor will do unnecessary operation to get mediclaim money...gharwale bhi dant rahe the kyoki decision operation ka gharwalo se discuss nahi kiya tha. Private hospitals or doctor par trust karna bahot hard hai aaj kal.,3,3,Medium
https://www.youtube.com/watch?v=jL3QnEiMsx0&lc=Ugz4wZiHlw5QUSIW26R4AaABAg,2023-03-31 05:30:00,Mere papa ka policy tha icici me mere papa ki death ho gayi 1 year ho gaya he or hamne claim kiya thaa icici lombard me but abhi take kuh hua nahi sab formalities bhi completed kar di he fir bhi or claim reject nahi hua fir kyu nahi pass huyi policy?  Policy agent bhi kuch anwer nahi de rahe he,295,unknown,1,unknown,Claims Experience,Claims Processing,Agent / Advisor,Process / Documentation Friction,Resignation,High,"My father had a policy with ICICI Lombard, and he passed away a year ago. We filed a claim with ICICI Lombard, but nothing has happened yet. All formalities are completed, yet the claim was not rejected, but it also hasn't been passed. The policy agent is also not providing any answers.",3,2,Medium
https://www.youtube.com/watch?v=wLdmuXxwRys&lc=Ugwg-rnQygGdbUpPf-J4AaABAg.9rV_jxlVTiQA-EvSlLJixK,2024-04-05 05:30:00,"Same here, i had taken 2A plan policy icici lombard in 2023, rs 8659/. Annual premium, and now after year for renewal amount showing aprx 38000/. Multiple of 4times, it's too much fraud there customers, it's should case registered on company as they are selling fake commitments that they will not change 5 yrs premium.",319,unknown,0,unknown,Onboarding & Policy Understanding,Premium Increase,Unknown,Misrepresentation / Incomplete Explanation,Anger,High,"I purchased a 2A plan policy from ICICI Lombard in 2023 for Rs 8659 annually. Now, for renewal, the amount is showing approximately Rs 38000, a four-fold increase. This is fraud; customers are being deceived. The company made fake commitments that the premium would not change for 5 years.",4,3,Medium
https://www.youtube.com/watch?v=wLdmuXxwRys&lc=UgyxXXxHuhAxPix_7XB4AaABAg.9rIkeH5gZh09sA0ZJzTsfX,2024-04-05 05:30:00,"​ @Bankingjankariamit , sir I am icici customer and  customer  care confirmed, it's a group policy...tie up with icici Lombard on mutual understanding...1 year policy tenure ...no promish of continuity for life long....",219,unknown,0,unknown,Onboarding & Policy Understanding,Policy Type Confirmation,Unknown,Misrepresentation / Incomplete Explanation,Confusion,Medium,"I am an ICICI customer, and customer care confirmed that it is a group policy, a tie-up with ICICI Lombard based on mutual understanding with a 1-year policy tenure. There was no promise of lifelong continuity.",2,2,Medium
https://www.youtube.com/watch?v=zdfdK9uPAs4&lc=UgznP2Q6bfU4pK6iXMV4AaABAg,2025-04-05 05:30:00,Sir mera accident 8 jan ko hua tha but muje emergency se jo prescription mila us pe mlc number mention hai but original MLC nahi mili hai.kya mai prescription ki copy jispe mlc number likha hai wo copy laga ke insurance reimbursement claim kar sakta hun ya insurance company ko mlc copy dena mandatory hai. Mere pass icici Lombard ki corporate policy hai,354,unknown,3,unknown,Claims Experience,Claim Reimbursement,Claims / TPA,Process / Documentation Friction,Confusion,Medium,"My accident occurred on January 8th. The emergency prescription has an MLC number, but I don't have the original MLC. Can I claim reimbursement using a copy of the prescription with the MLC number, or is the MLC copy mandatory for the insurance company? I have a corporate policy with ICICI Lombard.",3,3,Medium
https://www.youtube.com/watch?v=7kNV457jsVg&lc=UgyTOd9Ej1DEUZftAAN4AaABAg.AN28pXQ_XDPAN3oMsTIXoX,2025-10-06 05:30:00,Mere sath jo hua to sach much cheating hai. Ek aadmi aaya document review karne aur ICICI Lombard me ja k bola ki customer ko claim nahi chahiye aur wo man gae aur claim reject kar dia. Fir aaj tak sab call center walo ne sab ne alag alag bahane banae magar koi claim reactivate nahi kia. Mujhe sach much ICICI ne cheat kia. Abhi IRDAI me request kia hai maine. Is k baad consumer court bhi jaunga mai. Tumhara claim dia hai to you are lucky but mere sath galat kia hai in logo ne is me koi shak nahi hai. You or any 1 should not go through this but agar kabhi tumhare sath aisa hi aur tumhe koi aisa bolega ki tum frustration nikal rahe ho tab you will feel the pain. By the way saare evidence mere pas hai mai bus prarthna karta hu ki bus normally thik ho jae nahi to consumer court me mai sare video aur audio recording dikhaunga aur sunaunga. I still hope justice will be served against this frawd ICICI Lombard !!!,919,unknown,0,unknown,Claims Experience,Claim Rejection,Agent / Advisor,Misrepresentation / Incomplete Explanation,Betrayal,High,"What happened to me is true cheating. A person came to review documents and went to ICICI Lombard, saying the customer doesn't want the claim, and they agreed and rejected the claim. Since then, call center agents have made excuses, but no claim has been reactivated. ICICI has truly cheated me. I have now filed a request with IRDAI and will go to consumer court after this. Your claim was approved, so you are lucky, but they did wrong to me. I still hope justice will be served against this fraud ICICI Lombard!!!",4,2,High
https://www.youtube.com/watch?v=7kNV457jsVg&lc=UgxWkALfWNj0WRZd1wV4AaABAg.AMuFGnIob5IAMx0YQtOL5w,2025-10-06 05:30:00,Nahi bhai IRDA me complain kia hu mai. Abhi dekhte hai kya hota hai. Bahut pareshaan hu bhai bahot. ICICI Lombard ek bahut badi frawd company hai. Is ko kisi ka darr nahi hai.  Customer ko claim nahi chahiye ye bol k reject kia. Man mani hai inki. You can share your number in Instagram https://www.instagram.com/dhirajkumar713/ I will call you for help 🙏🙏🙏,357,unknown,0,unknown,Claims Experience,Claim Rejection,Unknown,Misrepresentation / Incomplete Explanation,Anger,High,I have complained to IRDA. Let's see what happens. I am very troubled. ICICI Lombard is a big fraud company. They don't fear anyone. They rejected the claim saying the customer doesn't want it. They act as they please.,4,2,Medium
https://www.youtube.com/watch?v=-0MMeYTxuzc&lc=Ugw9aSpFKqwTj3BseuN4AaABAg,2026-03-10 05:30:00,"Worst in claim.

I have 2 personal health policy.

Icici lombard Elevate health and Niva Bupa ReAssure 2.0. 

I apply cashless claim in (planed Hospital) hospital Icici lombard elevate Reject other hand Niva bupa Ressure 2.0 approv.

All ped and accident related PED Maintion in both policy.

Icici lombard Elevate Ped Rider also add at policy buying time.

Same hospital same doctor same treatment Icici lombard elevate Reject but other hand Niva bupa Ressure 2.0 approv without any problem.

Icici lombard executive also visit in hospital check all document and clearly tell company reject this claim it's unfair.",615,unknown,0,health,Claims Experience,Claims Rejection,Agent / Advisor,Process / Documentation Friction,Anger,High,"Customer's planned hospitalization claim with ICICI Lombard Elevate health was rejected, while Niva Bupa ReAssure 2.0 was approved for the same treatment at the same hospital with the same doctor. ICICI Lombard executive visited the hospital and confirmed the rejection, which the customer found unfair.",3,2,Medium
https://www.youtube.com/watch?v=Quh-2LKlpo0&lc=UgxGqlfz6rWgNZz0ae94AaABAg,2025-03-31 05:30:00,"Please don't buy insurance from ICICI Lombard because they never give you claim when need it
There managers are also too busy to connect and talk to customer 
Recently I met with a bike accident and they just reject my claim due to wrong policy purchased from website only
After raising request nothing happened 
It's not safe to buy policy from ICICI Lombard",359,unknown,0,motor,Claims Experience,Claims Rejection,Digital / App / Website,Process / Documentation Friction,Anger,High,"Customer had a bike accident and their claim was rejected due to purchasing the wrong policy from the website. Managers were unavailable to connect, and requests for help yielded no results, leading to a feeling of unsafety in buying from ICICI Lombard.",2,1,Medium
https://www.youtube.com/watch?v=Quh-2LKlpo0&lc=UgwgT0fttc6Wd2iSFRF4AaABAg,2023-03-31 05:30:00,"I filed a claim as I met an accident on 26th of December. Mrinal Banerjee 082400 53868(surveyor) interpreted the accident fact into his own story and reported the same to the organisation. According to him the ratio of impact should be high when someone should die or injured the car should get mashedup then only the claim will be taken as consistent. I called customer care Ashwin Shinde aggressively prompt me ""then what can I do""  and disconnected the call. Absolutely opposite whatever its saying here in the video and never care the customer. the people are not at all cooperative and supportive and doesn't understand the pragmatic situation of the customer. requesting every one not to take this ICICI Lombard service if you are really looking for a genuine claim. The worst insurance company I ever dealt with..#ICICILombard",833,unknown,0,motor,Claims Experience,Claims Rejection,Claims / TPA,Misrepresentation / Incomplete Explanation,Anger,High,"Customer filed a claim after a bike accident on Dec 26th. The surveyor, Mrinal Banerjee, allegedly misinterpreted the accident facts and reported them to ICICI Lombard, stating that a claim would only be consistent if the impact was severe enough to cause death or significant vehicle damage. When the customer called customer care, Ashwin Shinde aggressively responded and disconnected the call. The customer feels the company does not care about the customer's pragmatic situation and advises against using ICICI Lombard for genuine claims.",2,1,High
https://www.youtube.com/watch?v=0B8x8pBBRhU&lc=Ugwh4_JQY1A7Ode5QwR4AaABAg,2023-03-31 05:30:00,Main Manish Kumar shrivtastav Uttar Pradesh se Gorakhpur district se main hun aur main ICICI Lombard mein insurance karaya hua hai meri gadi ka 29 10 mein accident hua aur abhi tak 26 din ho gaye hain insurance ka claim nahin mila hai aur main video banaunga apni gadi ka aur insurance ko sabit karke main rahunga,313,"Gorakhpur, Uttar Pradesh, India",0,unknown,Claims Experience,Claims Processing Delay,Unknown,Process / Documentation Friction,Resignation,Medium,The user had a car accident on 29/10 and 26 days later has not received the insurance claim from ICICI Lombard. The user intends to make a video to prove their case.,2,2,Medium
https://www.youtube.com/watch?v=ZiTHWrFx20E&lc=UgxglG3p4QVAKzBZ-rJ4AaABAg,2023-03-31 05:30:00,"Sir. 
Meri wife ki meternity Hui hai first bt use pahle private hospitals & orai district hospital me admit kraya jab waha se mana ker fir use private kamla hospital me admit kraya , waha se bhi mana kr diya fir Jhansi medical College me refer Kiya . Isme ambulance ,janche ,altrasound , medicine doctors fees , sab hua blood bhi kharida gya . Bad charge  etc . Bad me baby admit ho gya because juindic btaya tha . Doctors ne. Usi hospital me. 15 din admit raha use bhi blood Dena pada. . aur abhi bhi bachhe ka elaj cha rha hai. Aur wife ka because . 

Maine ICICI Lombard healthcare policy Li Hui hai . 2 year hai first year koi bhi claims nahi kiya. 
Is kharch ka rimversment krana chahta hu. Kaise hoga please help me.",722,unknown,0,health,Claims Experience,Claim Reimbursement Inquiry,Unknown,Product Design or Complexity,Confusion,Medium,"The user wants to know how to get reimbursement for maternity expenses incurred at multiple private and government hospitals, including ambulance, tests, medicines, and baby's NICU admission due to jaundice, under their 2-year-old ICICI Lombard healthcare policy. They had no claims in the first year.",3,3,Medium
https://www.youtube.com/watch?v=ZiTHWrFx20E&lc=UgzY3hAqS5JypCkMya94AaABAg,2022-03-31 05:30:00,"Sir ji 
I want to know limit for Catract operation as doctor suggested 60%& 70% in both eyes. Necessary scanning etc done today at Ojas hospital Kandivali east thakur Village and operation will be done in the next couple of days after all necessary reports are taken. Wife's policy of ICICI Lombard is 14 years old and sum insured is 3L+ 1.5L bonus.
So my simple question is how much she can claim after both eyes operated during next one period's time.
I will be much obliged if u guide me.
Regards",499,"Kandivali East, Mumbai, India",0,health,Claims Experience,Claim Inquiry,Unknown,Product Design or Complexity,Confusion,Medium,"The user's wife has an ICICI Lombard health policy (14 years old, sum insured 3L+1.5L bonus) and requires cataract surgery for both eyes (60% & 70% vision loss). They are seeking guidance on the claim limit for the operation and necessary scans at Ojas hospital, Kandivali East, Mumbai.",3,3,Medium
https://www.youtube.com/watch?v=ZiTHWrFx20E&lc=UgznKEx6HIw-N-1v-Dp4AaABAg,2021-03-31 05:30:00,"Im Dr Ramesh Baburam Chauhan. 6months back i have removed icici Lombard health insurance policy from one of icici bank branch in pune pcmc . I paid premium by my credit card & was told by dupty manager policy kit & policy certificate will come to ur home directly. But now 6month plus time has pass No policy kit , No Policy number, No policy is provided to me.
I had Complain to headbanking branch & several follow up, reminder  given to Icici bank all concern deptt but dead response. Please don't take any product of icici bank its No longer best private bank like mrs Chanda Kochar has service for her customer service.  Its worst & cheating going On. Its a big Scandal going on Nobody is going to get any claim only excuse & dead service will be given under this new leadership of icici bank.",797,"Pune PCMC, India",1,health,Onboarding & Policy Understanding,Policy Admin,Branch / Customer Service,Process / Documentation Friction,Betrayal,High,"Event: Removed ICICI Lombard health insurance policy. Process: Paid premium via credit card at an ICICI bank branch in Pune PCMC, was promised policy kit and certificate would be sent home. Outcome: After 6 months, no policy kit, number, or certificate received, despite complaints and follow-ups with ICICI bank branches and departments.",3,2,Medium
https://www.youtube.com/watch?v=EDZ74XMFirI&lc=UgwXIDqCTOtuvdMCDoJ4AaABAg,2025-12-05 05:30:00,"Sir

I am having 9 yr old health shield from ICICI Lombard ... This year company is not allowing me to increase my base sum assured as possibly they stopped this plan and started elevate plan... What to Do with existing health issues

Super top up or new fresh policy with basic sum assured of rs 5000000",304,unknown,1,health,Servicing & Policy Admin,Policy Admin,Unknown,Product Design or Complexity,Confusion,Medium,"Event: Has a 9-year-old ICICI Lombard Health Shield policy. Process: The company is not allowing an increase in the base sum assured, possibly due to the plan being discontinued and replaced by the 'Elevate' plan. Outcome: The customer is unsure what to do regarding existing health issues, considering a super top-up or a new policy with a basic sum assured of Rs 5,000,000.",3,2,Medium
https://www.youtube.com/watch?v=NyAbzcTDjqM&lc=Ugz2iQnW0cT_NflUSht4AaABAg,2026-01-05 05:30:00,मेरा बाइक चोरी हो गया उसका पॉलिसी भी सही हैंICICI lombard काफिर भी किया कंपनी वाले claim रिजेक्ट कर दिया प्रीवियस पॉलिसी और करंट पॉलिसी में गैपिंग है लेकिन मेरी बाइक चोरी करंट पॉलिसी के समय के अंदर हुआ है उसके बावजूद वह बोला दोनों में गैपिंग है इसलिए आपका क्लेम रिजेक्ट हो गया आपको जहां जाना है जाइए आपको पैसा नहीं देंगे हमने irda में complain किया फिर भी कोई सुनवाई नहीं हुआ कंपनी वाला जीत गया सब मिले हुए हैं,410,unknown,0,motor,Claims Experience,Claims Processing,Claims / TPA,Process / Documentation Friction,Anger,High,"Event: Bike was stolen. Process: Had a valid ICICI Lombard policy for the bike. Outcome: The company rejected the claim, stating a gap between the previous and current policy, even though the theft occurred during the current policy period. The customer was told they would not be paid and that complaints to IRDA were unsuccessful.",2,1,Medium
https://www.youtube.com/watch?v=AEm0CR_OpLo&lc=UgwKQ2fBYqFJ9KtnFvl4AaABAg,2026-03-01 05:30:00,"False policy claim not approv.

I hospitalization 5 dat admit and face surgery.

Icici lombard Elevate Reject cashless claim other hand Niva bupa Ressure 2.0 approv this cashless claim.

Ped and Accident related Ped maintion in policy buying time and first policy copy receiv.

After 1st renewal i file Accident ped related claim Icici lombard elevate Reject. PED Modification Rider policy 1st time buying time I add / purchase. 

But claim time show False reasons.

Icici lombard Elevate executive visit in hospital when I admit he meet with me check all past hospitalization paper and policy document after he tell company Reject with false excuses.

Company should approv this claim Icici lombard executive statement.",720,unknown,0,health,Claims Experience,Claims Rejection,Claims / TPA,Misrepresentation / Incomplete Explanation,Betrayal,High,"Event: Hospitalization and surgery. Process: Filed a cashless claim with ICICI Lombard Elevate, which was rejected. Outcome: Claim rejected with false excuses, despite a company executive's visit and initial understanding.",3,2,Medium
